,Player,Mat,Inns,NO,Runs,BF,HS,Ave,SR,100,50,0,4s,6s,Country,Type
0,AC Agar,2,2,1,65,90,48*,65.00,72.22,0,0,0,3,2,Australia,batting
1,TM Head,13,13,2,570,428,137,51.81,133.17,2,3,1,74,21,Australia,batting
2,GJ Maxwell,11,11,3,413,283,201*,51.62,145.93,2,0,1,41,22,Australia,batting
3,MR Marsh,20,20,2,858,753,177*,47.66,113.94,2,5,3,96,43,Australia,batting
4,DA Warner,20,20,0,925,821,163,46.25,112.66,3,6,1,95,38,Australia,batting
5,M Labuschagne,22,20,2,826,1010,124,45.88,81.78,1,5,0,83,5,Australia,batting
6,PJ Cummins,13,10,6,168,217,37,42.00,77.41,0,0,0,16,6,Australia,batting
7,SPD Smith,16,15,1,439,528,74,31.35,83.14,0,3,3,45,4,Australia,batting
8,NT Ellis,5,4,2,57,51,18,28.50,111.76,0,0,0,3,4,Australia,batting
9,AT Carey,10,9,0,185,202,99,20.55,91.58,0,1,1,15,5,Australia,batting
10,JP Inglis,16,14,0,287,295,58,20.50,97.28,0,2,2,29,7,Australia,batting
11,MP Stoinis,13,11,1,191,167,35,19.10,114.37,0,0,0,24,5,Australia,batting
12,C Green,10,9,1,152,209,47,19.00,72.72,0,0,0,14,1,Australia,batting
13,SA Abbott,10,8,1,123,116,54,17.57,106.03,0,1,1,12,6,Australia,batting
14,JR Hazlewood,16,8,5,40,29,23,13.33,137.93,0,0,1,5,2,Australia,batting
15,MA Starc,14,11,3,102,174,28,12.75,58.62,0,0,1,8,2,Australia,batting
16,TH David,4,4,0,45,53,35,11.25,84.9,0,0,0,3,3,Australia,batting
17,A Zampa,20,12,4,79,102,29,9.87,77.45,0,0,2,9,0,Australia,batting
18,MW Short,2,2,0,11,12,9,5.50,91.66,0,0,0,2,0,Australia,batting
19,AM Hardie,1,1,0,3,5,3,3.00,60.0,0,0,0,0,0,Australia,batting
20,MG Neser,2,2,0,3,13,3,1.50,23.07,0,0,1,0,0,Australia,batting
21,T Sangha,2,1,0,0,3,0,0.00,0.0,0,0,1,0,0,Australia,batting
22,SH Johnson,1,1,1,0,0,0*,0,0.0,0,0,0,0,0,Australia,batting
23,Azmatullah Omarzai,15,12,4,455,482,97*,56.87,94.39,0,4,0,34,17,Afghanistan,batting
24,Ibrahim Zadran,20,20,2,854,1076,129*,47.44,79.36,2,5,2,87,13,Afghanistan,batting
25,Hashmatullah Shahidi,20,20,5,580,781,80,38.66,74.26,0,6,1,53,3,Afghanistan,batting
26,Riaz Hassan,2,1,0,34,66,34,34.00,51.51,0,0,0,5,0,Afghanistan,batting
27,Rahmanullah Gurbaz,20,20,0,656,748,151,32.80,87.7,2,2,1,65,20,Afghanistan,batting
28,Ikram Alikhil,9,4,1,93,110,58,31.00,84.54,0,1,0,8,3,Afghanistan,batting
29,Rahmat Shah,18,18,1,506,673,77*,29.76,75.18,0,4,2,46,3,Afghanistan,batting
30,Shahidullah,2,2,0,38,68,37,19.00,55.88,0,0,0,2,0,Afghanistan,batting
31,Mohammad Nabi,20,16,2,240,257,65,17.14,93.38,0,1,0,19,7,Afghanistan,batting
32,Rashid Khan,17,13,2,182,173,35*,16.54,105.2,0,0,1,16,8,Afghanistan,batting
33,Fareed Ahmad,4,3,1,30,41,17,15.00,73.17,0,0,1,1,1,Afghanistan,batting
34,Noor Ahmad,6,2,0,29,39,26,14.50,74.35,0,0,0,4,0,Afghanistan,batting
35,Gulbadin Naib,4,4,0,57,53,22,14.25,107.54,0,0,1,9,1,Afghanistan,batting
36,Mujeeb Ur Rahman,20,13,1,139,134,64,11.58,103.73,0,1,3,15,7,Afghanistan,batting
37,Karim Janat,2,2,0,23,14,22,11.50,164.28,0,0,0,1,2,Afghanistan,batting
38,Najibullah Zadran,10,9,1,86,125,23,10.75,68.8,0,0,0,8,2,Afghanistan,batting
39,Abdul Rahman,3,3,1,10,37,4*,5.00,27.02,0,0,0,0,0,Afghanistan,batting
40,Zia-ur-Rehman,1,1,0,5,30,5,5.00,16.66,0,0,0,1,0,Afghanistan,batting
41,Naveen-ul-Haq,8,5,1,16,25,9*,4.00,64.0,0,0,2,2,0,Afghanistan,batting
42,Fazalhaq Farooqi,17,11,7,14,43,6*,3.50,32.55,0,0,2,2,0,Afghanistan,batting
43,Mohammad Saleem,2,0,0,0,0,0,0,0.0,0,0,0,0,0,Afghanistan,batting
44,Mahmudullah,14,12,1,469,567,111,42.63,82.71,1,1,0,40,16,Bangladesh,batting
45,Najmul Hossain Shanto,24,23,1,920,1092,117,41.81,84.24,2,7,3,96,8,Bangladesh,batting
46,Mushfiqur Rahim,26,24,3,797,910,100*,37.95,87.58,1,6,0,63,14,Bangladesh,batting
47,Towhid Hridoy,24,21,2,682,810,92,35.89,84.19,0,6,1,48,14,Bangladesh,batting
48,Shakib Al Hasan,23,22,1,735,818,93,35.00,89.85,0,6,0,80,8,Bangladesh,batting
49,Tamim Iqbal,12,11,1,283,377,69,28.30,75.06,0,1,0,35,2,Bangladesh,batting
50,Litton Das,26,25,2,622,739,76,27.04,84.16,0,5,5,65,15,Bangladesh,batting
51,Mehidy Hasan Miraz,24,22,1,491,636,112*,23.38,77.2,1,1,1,46,5,Bangladesh,batting
52,Nasum Ahmed,11,8,1,138,164,44,19.71,84.14,0,0,0,15,4,Bangladesh,batting
53,Mahedi Hasan,8,7,2,98,155,29*,19.60,63.22,0,0,0,9,0,Bangladesh,batting
54,Mohammad Naim,6,6,0,94,155,28,15.66,60.64,0,0,1,13,0,Bangladesh,batting
55,Tanzid Hasan,14,13,0,179,183,51,13.76,97.81,0,1,2,29,3,Bangladesh,batting
56,Yasir Ali,2,2,0,24,17,17,12.00,141.17,0,0,0,2,1,Bangladesh,batting
57,Shoriful Islam,16,12,7,59,71,16,11.80,83.09,0,0,0,4,2,Bangladesh,batting
58,Afif Hossain,8,7,1,67,92,23,11.16,72.82,0,0,1,5,2,Bangladesh,batting
59,Taskin Ahmed,18,13,2,104,165,21,9.45,63.03,0,0,2,6,5,Bangladesh,batting
60,Hasan Mahmud,14,9,4,44,81,15,8.80,54.32,0,0,1,6,0,Bangladesh,batting
61,Shamim Hossain,4,4,0,33,44,16,8.25,75.0,0,0,0,0,2,Bangladesh,batting
62,Mrittunjoy Chowdhury,1,1,0,8,11,8,8.00,72.72,0,0,0,0,0,Bangladesh,batting
63,Mustafizur Rahman,19,15,8,55,126,20,7.85,43.65,0,0,3,5,1,Bangladesh,batting
64,Taijul Islam,6,5,0,36,79,14,7.20,45.56,0,0,0,2,0,Bangladesh,batting
65,Anamul Haque,1,1,0,4,11,4,4.00,36.36,0,0,0,1,0,Bangladesh,batting
66,Rony Talukdar,1,1,0,4,14,4,4.00,28.57,0,0,0,1,0,Bangladesh,batting
67,Khaled Ahmed,2,2,1,1,4,1,1.00,25.0,0,0,0,0,0,Bangladesh,batting
68,Zakir Hasan,1,1,0,1,5,1,1.00,20.0,0,0,0,0,0,Bangladesh,batting
69,Soumya Sarkar,2,1,0,0,2,0,0.00,0.0,0,0,1,0,0,Bangladesh,batting
70,Tanzim Hasan Sakib,3,2,2,19,14,14*,0,135.71,0,0,0,2,1,Bangladesh,batting
71,Ebadot Hossain,8,3,3,3,8,1*,0,37.5,0,0,0,0,0,Bangladesh,batting
72,Nurul Hasan,1,0,0,0,0,0,0,0.0,0,0,0,0,0,Bangladesh,batting
73,Pargat Singh,5,5,0,213,264,102,42.6,80.68,1,1,1,24,3,Canada,batting
74,Kaleem Sana,5,5,4,40,64,16*,40.0,62.5,0,0,1,2,2,Canada,batting
75,NR Kirton,3,3,0,98,151,50,32.66,64.9,0,1,0,5,0,Canada,batting
76,N Dutta,5,5,2,81,140,56,27.0,57.85,0,1,1,5,4,Canada,batting
77,A Johnson,5,5,0,123,119,53,24.6,103.36,0,1,0,16,4,Canada,batting
78,Ravinderpal Singh,5,5,1,97,112,34,24.25,86.6,0,0,0,6,4,Canada,batting
79,SA Wijeyeratne,5,5,0,96,138,63,19.2,69.56,0,1,1,9,1,Canada,batting
80,M Spoors,5,5,0,86,157,33,17.2,54.77,0,0,0,10,2,Canada,batting
81,H Thaker,5,5,0,86,170,43,17.2,50.58,0,0,0,3,3,Canada,batting
82,Saad Bin Zafar,5,5,0,59,109,28,11.8,54.12,0,0,0,5,0,Canada,batting
83,D Heyliger,2,2,0,7,8,5,3.5,87.5,0,0,0,1,0,Canada,batting
84,JOA Gordon,5,3,0,3,16,2,1.0,18.75,0,0,1,0,0,Canada,batting
85,BA Stokes,9,9,0,539,544,182,59.88,99.08,2,3,1,44,21,England,batting
86,DJ Malan,18,18,1,995,1012,140,58.52,98.32,4,5,1,110,24,England,batting
87,SR Hain,2,2,0,106,100,89,53.00,106.0,0,1,0,8,0,England,batting
88,BA Carse,3,2,1,47,43,32,47.00,109.3,0,0,0,2,2,England,batting
89,JJ Roy,6,6,0,278,280,132,46.33,99.28,2,0,0,34,5,England,batting
90,BM Duckett,5,5,1,178,169,107*,44.50,105.32,1,0,1,19,3,England,batting
91,WG Jacks,4,4,0,160,144,94,40.00,111.11,0,1,0,13,8,England,batting
92,JC Buttler,19,19,1,686,638,131,38.11,107.52,1,3,0,53,21,England,batting
93,PD Salt,5,5,0,143,108,61,28.60,132.4,0,1,0,22,4,England,batting
94,MA Wood,9,7,4,85,65,43*,28.33,130.76,0,0,1,7,5,England,batting
95,LS Livingstone,10,10,1,246,263,95*,27.33,93.53,0,2,1,18,5,England,batting
96,Z Crawley,2,2,0,51,44,51,25.50,115.9,0,1,1,4,2,England,batting
97,HC Brook,12,12,0,292,305,80,24.33,95.73,0,2,1,30,9,England,batting
98,JE Root,13,13,0,315,376,82,24.23,83.77,0,3,2,24,3,England,batting
99,DJ Willey,10,10,4,133,100,21*,22.16,133.0,0,0,0,13,9,England,batting
100,SM Curran,11,11,1,212,222,42,21.20,95.49,0,0,0,9,11,England,batting
101,AU Rashid,16,15,8,148,162,20,21.14,91.35,0,0,0,10,3,England,batting
102,MM Ali,15,15,0,304,332,51,20.26,91.56,0,1,0,26,9,England,batting
103,JM Bairstow,12,12,0,234,268,59,19.50,87.31,0,2,2,29,3,England,batting
104,CR Woakes,14,14,3,202,248,51,18.36,81.45,0,1,1,20,2,England,batting
105,JM Vince,3,3,0,49,69,38,16.33,71.01,0,0,0,4,1,England,batting
106,AAP Atkinson,6,4,1,39,26,35,13.00,150.0,0,0,1,7,0,England,batting
107,JL Smith,2,1,0,9,10,9,9.00,90.0,0,0,0,0,0,England,batting
108,JC Archer,4,2,1,5,14,5*,5.00,35.71,0,0,1,1,0,England,batting
109,Rehan Ahmed,3,2,0,8,15,6,4.00,53.33,0,0,0,0,0,England,batting
110,OP Stone,2,1,0,1,5,1,1.00,20.0,0,0,0,0,0,England,batting
111,RJW Topley,9,4,4,17,10,15*,0,170.0,0,0,0,3,0,England,batting
112,TW Hartley,2,1,1,12,9,12*,0,133.33,0,0,0,1,0,England,batting
113,MJ Potts,2,1,1,3,3,3*,0,100.0,0,0,0,0,0,England,batting
114,S Mahmood,1,0,0,0,0,0,0,0.0,0,0,0,0,0,England,batting
115,GLS Scrimshaw,1,0,0,0,0,0,0,0.0,0,0,0,0,0,England,batting
116,L Wood,1,0,0,0,0,0,0,0.0,0,0,0,0,0,England,batting
117,V Kohli,27,24,5,1377,1389,166*,72.47,99.13,6,8,1,122,24,India,batting
118,KL Rahul,24,22,8,983,1109,111*,70.21,88.63,2,6,0,84,18,India,batting
119,Shubman Gill,29,29,4,1584,1502,208,63.36,105.45,5,9,1,180,41,India,batting
120,SS Iyer,19,18,3,794,707,128*,52.93,112.3,3,3,1,61,31,India,batting
121,RG Sharma,27,26,2,1255,1072,131,52.29,117.07,2,9,2,131,67,India,batting
122,Ishan Kishan,17,15,2,456,487,82,35.07,93.63,0,4,1,46,13,India,batting
123,HH Pandya,20,13,2,383,404,87,34.81,94.8,0,3,0,27,13,India,batting
124,RA Jadeja,26,17,7,309,412,45*,30.90,75.0,0,0,0,20,4,India,batting
125,SV Samson,2,2,0,60,60,51,30.00,100.0,0,1,0,2,4,India,batting
126,RD Gaikwad,3,3,0,87,103,71,29.00,84.46,0,1,0,13,0,India,batting
127,AR Patel,8,8,2,132,143,42,22.00,92.3,0,0,0,5,6,India,batting
128,SA Yadav,21,20,2,389,354,72*,21.61,109.88,0,2,3,39,13,India,batting
129,Washington Sundar,6,3,0,39,58,18,13.00,67.24,0,0,0,2,1,India,batting
130,Mohammed Siraj,25,7,5,26,52,9*,13.00,50.0,0,0,1,1,0,India,batting
131,SN Thakur,16,6,0,59,62,25,9.83,95.16,0,0,0,5,1,India,batting
132,JJ Bumrah,17,6,1,44,66,16,8.80,66.66,0,0,0,5,0,India,batting
133,Kuldeep Yadav,28,11,4,61,131,10*,8.71,46.56,0,0,1,4,0,India,batting
134,Mohammed Shami,19,9,3,36,43,14,6.00,83.72,0,0,1,3,1,India,batting
135,Mukesh Kumar,3,1,0,6,7,6,6.00,85.71,0,0,0,1,0,India,batting
136,NT Tilak Varma,1,1,0,5,9,5,5.00,55.55,0,0,0,1,0,India,batting
137,Umran Malik,5,2,1,2,7,2*,2.00,28.57,0,0,1,0,0,India,batting
138,R Ashwin,3,0,0,0,0,0,0,0.0,0,0,0,0,0,India,batting
139,YS Chahal,2,0,0,0,0,0,0,0.0,0,0,0,0,0,India,batting
140,M Prasidh Krishna,3,2,2,0,5,0*,0,0.0,0,0,0,0,0,India,batting
141,JD Unadkat,1,0,0,0,0,0,0,0.0,0,0,0,0,0,India,batting
142,GH Dockrell,17,12,4,441,448,91*,55.12,98.43,0,3,1,32,12,Ireland,batting
143,HT Tector,17,14,2,657,683,140,54.75,96.19,2,4,1,51,21,Ireland,batting
144,A Balbirnie,15,13,2,377,509,121*,34.27,74.06,1,2,1,40,4,Ireland,batting
145,PR Stirling,17,14,0,451,473,162,32.21,95.34,1,2,2,49,17,Ireland,batting
146,C Campher,16,11,1,305,307,120,30.50,99.34,1,1,0,30,6,Ireland,batting
147,JB Little,12,4,2,54,45,29,27.00,120.0,0,0,0,7,2,Ireland,batting
148,BJ McCarthy,6,3,1,50,52,41,25.00,96.15,0,0,0,5,1,Ireland,batting
149,ST Doheny,9,7,0,162,255,84,23.14,63.52,0,1,0,16,2,Ireland,batting
150,LJ Tucker,17,14,3,236,244,50,21.45,96.72,0,1,1,29,2,Ireland,batting
151,GI Hume,9,3,2,20,36,15*,20.00,55.55,0,0,0,1,0,Ireland,batting
152,GJ Delany,8,5,1,75,68,20,18.75,110.29,0,0,0,3,3,Ireland,batting
153,MR Adair,17,10,3,118,78,20*,16.85,151.28,0,0,1,11,5,Ireland,batting
154,AR McBrine,15,11,1,160,239,35,16.00,66.94,0,0,1,18,2,Ireland,batting
155,M Commins,2,1,0,6,13,6,6.00,46.15,0,0,0,0,0,Ireland,batting
156,CA Young,5,2,2,43,47,40*,0,91.48,0,0,0,2,2,Ireland,batting
157,MJ Humphreys,2,1,1,4,7,4*,0,57.14,0,0,0,1,0,Ireland,batting
158,TF van Woerkom,1,0,0,0,0,0,0,0.0,0,0,0,0,0,Ireland,batting
159,B White,2,0,0,0,0,0,0,0.0,0,0,0,0,0,Ireland,batting
160,AM Tribe,5,5,1,237,321,115*,59.25,73.83,1,1,0,16,6,Jersey,batting
161,JAD Lawrenson,5,5,0,243,312,114,48.6,77.88,1,1,0,18,2,Jersey,batting
162,CW Perchard,5,4,3,32,38,16*,32.0,84.21,0,0,0,1,2,Jersey,batting
163,HL Carlyon,5,5,0,143,166,85,28.6,86.14,0,1,0,16,6,Jersey,batting
164,JW Jenner,5,5,0,139,194,76,27.8,71.64,0,1,1,8,3,Jersey,batting
165,JTS Sumerauer,5,4,0,97,88,35,24.25,110.22,0,0,0,10,2,Jersey,batting
166,NA Greenwood,5,5,0,94,136,59,18.8,69.11,0,1,0,8,2,Jersey,batting
167,B Ward,5,5,1,75,121,46,18.75,61.98,0,0,0,7,2,Jersey,batting
168,AW Hawkins-Kay,1,1,0,7,15,7,7.0,46.66,0,0,0,0,0,Jersey,batting
169,DG Blampied,3,2,0,7,13,7,3.5,53.84,0,0,1,1,0,Jersey,batting
170,JSE Dunford,5,4,0,10,27,4,2.5,37.03,0,0,1,0,0,Jersey,batting
171,EJB Miles,4,3,2,2,9,1*,2.0,22.22,0,0,1,0,0,Jersey,batting
172,BDH Stevens,1,1,0,1,5,1,1.0,20.0,0,0,0,0,0,Jersey,batting
173,D Birrell,1,1,0,0,1,0,0.0,0.0,0,0,1,0,0,Jersey,batting
174,M van Lingen,10,10,2,395,434,133,49.37,91.01,2,1,1,38,11,Namibia,
175,MG Erasmus,11,11,1,411,474,125,41.1,86.7,1,2,2,32,11,Namibia,
176,ZE Green,11,9,1,276,272,75*,34.5,101.47,0,1,0,29,6,Namibia,
177,L Louwrens,6,6,0,207,311,54,34.5,66.55,0,2,0,27,0,Namibia,
178,S Fouche,7,7,0,209,317,83,29.85,65.93,0,2,2,18,2,Namibia,
179,N Davin,5,5,0,142,140,90,28.4,101.42,0,1,0,17,4,Namibia,
180,HN Ya France,11,9,2,143,166,49,20.42,86.14,0,0,1,11,6,Namibia,
181,JN Loftie-Eaton,11,10,1,170,231,61,18.88,73.59,0,1,2,13,3,Namibia,
182,R Trumpelmann,11,9,1,133,106,30,16.62,125.47,0,0,1,10,10,Namibia,
183,K Birkenstock,8,7,1,94,156,31,15.66,60.25,0,0,1,10,2,Namibia,
184,JN Frylinck,1,1,0,13,10,13,13.0,130.0,0,0,0,0,1,Namibia,
185,BM Scholtz,11,8,2,60,84,30,10.0,71.42,0,0,2,5,1,Namibia,
186,MD du Preez,2,2,0,10,30,5,5.0,33.33,0,0,0,0,0,Namibia,
187,T Lungameni,6,4,1,10,15,5,3.33,66.66,0,0,0,1,0,Namibia,
188,B Shikongo,10,6,4,5,25,1*,2.5,20.0,0,0,0,0,0,Namibia,
189,Gulsan Jha,15,13,4,350,437,67*,38.88,80.09,0,3,0,24,16,Nepal,batting
190,Sompal Kami,17,12,7,192,232,63*,38.40,82.75,0,1,0,20,2,Nepal,batting
191,B Sharki,15,14,2,416,648,77*,34.66,64.19,0,3,1,41,2,Nepal,batting
192,Aasif Sheikh,20,20,2,595,753,110,33.05,79.01,1,5,5,63,8,Nepal,batting
193,Kushal Malla,21,20,2,549,513,108,30.50,107.01,1,3,0,54,31,Nepal,batting
194,K Bhurtel,21,21,0,590,646,115,28.09,91.33,1,3,2,65,15,Nepal,batting
195,Aarif Sheikh,16,13,1,322,452,63,26.83,71.23,0,2,1,22,2,Nepal,batting
196,RK Paudel,22,21,1,529,700,95*,26.45,75.57,0,3,2,54,10,Nepal,batting
197,Karan KC,20,12,6,154,144,31*,25.66,106.94,0,0,0,12,7,Nepal,batting
198,DS Airee,21,20,4,392,489,85*,24.50,80.16,0,2,1,31,8,Nepal,batting
199,A Saud,2,2,0,49,89,48,24.50,55.05,0,0,0,3,2,Nepal,batting
200,S Lamichhane,21,14,3,206,268,35*,18.72,76.86,0,0,2,19,2,Nepal,batting
201,G Malla,11,11,0,167,253,65,15.18,66.0,0,1,1,20,3,Nepal,batting
202,S Jora,4,4,0,37,47,28,9.25,78.72,0,0,0,4,1,Nepal,batting
203,LN Rajbanshi,12,5,3,0,8,0*,0.00,0.0,0,0,2,0,0,Nepal,batting
204,Pratis GC,3,1,1,11,6,11*,0,183.33,0,0,0,1,0,Nepal,batting
205,K Mahato,1,1,1,1,1,1*,0,100.0,0,0,0,0,0,Nepal,batting
206,SA Edwards,22,21,4,697,701,83,41.00,99.42,0,6,2,60,8,Netherlands,batting
207,SA Engelbrecht,8,8,0,300,450,70,37.50,66.66,0,2,0,25,3,Netherlands,batting
208,AT Nidamanuru,19,19,3,524,531,111,32.75,98.68,2,2,3,39,19,Netherlands,batting
209,MP O'Dowd,22,22,0,641,835,90,29.13,76.76,0,3,2,76,11,Netherlands,batting
210,Vikramjit Singh,19,19,0,539,687,110,28.36,78.45,1,2,1,64,8,Netherlands,batting
211,BFW de Leede,16,16,1,424,481,123,28.26,88.14,1,1,0,37,8,Netherlands,batting
212,CN Ackermann,12,12,0,331,426,69,27.58,77.69,0,2,1,35,0,Netherlands,batting
213,LV van Beek,16,15,7,215,255,59,26.87,84.31,0,1,2,14,5,Netherlands,batting
214,TLW Cooper,3,3,0,77,93,74,25.66,82.79,0,1,0,9,0,Netherlands,batting
215,W Barresi,15,15,0,344,392,97,22.93,87.75,0,2,1,40,5,Netherlands,batting
216,Musa Ahmed,5,5,0,111,156,61,22.20,71.15,0,1,1,12,3,Netherlands,batting
217,Saqib Zulfiqar,8,8,2,124,130,34*,20.66,95.38,0,0,0,10,4,Netherlands,batting
218,FJ Klaassen,5,4,3,12,15,10*,12.00,80.0,0,0,1,0,1,Netherlands,batting
219,A Dutt,20,15,4,124,159,23*,11.27,77.98,0,0,1,4,7,Netherlands,batting
220,Shariz Ahmad,10,7,0,64,107,30,9.14,59.81,0,0,0,3,0,Netherlands,batting
221,C Floyd,7,2,1,9,8,9,9.00,112.5,0,0,0,2,0,Netherlands,batting
222,RE van der Merwe,8,8,0,68,85,29,8.50,80.0,0,0,2,4,3,Netherlands,batting
223,NRJ Croes,1,1,0,7,6,7,7.00,116.66,0,0,0,1,0,Netherlands,batting
224,PA van Meekeren,14,13,4,59,83,21*,6.55,71.08,0,0,4,5,2,Netherlands,batting
225,R Klein,9,5,0,31,65,8,6.20,47.69,0,0,0,1,0,Netherlands,batting
226,VJ Kingma,2,1,0,1,3,1,1.00,33.33,0,0,0,0,0,Netherlands,batting
227,BD Glover,1,0,0,0,0,0,0,0.0,0,0,0,0,0,Netherlands,batting
228,KS Williamson,7,7,1,420,481,95,70.0,87.31,0,5,0,43,4,NewZealand,batting
229,DJ Mitchell,26,25,2,1204,1201,134,52.34,100.24,5,3,0,93,37,NewZealand,batting
230,DP Conway,20,20,2,821,831,152*,45.61,98.79,4,1,2,104,15,NewZealand,batting
231,R Ravindra,22,18,1,767,712,123*,45.11,107.72,3,3,1,74,22,NewZealand,batting
232,CE McConchie,6,5,2,126,127,64*,42.0,99.21,0,1,0,11,3,NewZealand,batting
233,WA Young,20,20,1,784,934,87,41.26,83.94,0,7,2,91,13,NewZealand,batting
234,TA Blundell,7,7,2,206,233,68,41.2,88.41,0,2,0,23,1,NewZealand,batting
235,MG Bracewell,6,6,0,246,192,140,41.0,128.12,1,0,0,23,13,NewZealand,batting
236,HM Nicholls,14,14,4,370,495,50*,37.0,74.74,0,1,0,32,4,NewZealand,batting
237,GD Phillips,21,19,3,578,591,72,36.12,97.8,0,4,0,42,24,NewZealand,batting
238,JDS Neesham,5,4,1,86,72,58,28.66,119.44,0,1,1,5,3,NewZealand,batting
239,MJ Santner,17,14,3,298,277,57,27.09,107.58,0,1,0,24,9,NewZealand,batting
240,TWM Latham,27,24,2,570,715,98,25.9,79.72,0,5,2,42,4,NewZealand,batting
241,MS Chapman,13,11,1,202,175,46,20.2,115.42,0,0,0,21,6,NewZealand,batting
242,FH Allen,11,11,0,195,214,51,17.72,91.12,0,1,3,31,3,NewZealand,batting
243,CJ Bowes,6,6,0,99,119,51,16.5,83.19,0,1,0,15,0,NewZealand,batting
244,KA Jamieson,5,3,0,49,71,20,16.33,69.01,0,0,0,4,0,NewZealand,batting
245,BG Lister,3,3,2,10,14,5*,10.0,71.42,0,0,0,1,0,NewZealand,batting
246,IS Sodhi,13,7,0,64,107,35,9.14,59.81,0,0,1,1,3,NewZealand,batting
247,TG Southee,10,6,2,35,40,15*,8.75,87.5,0,0,1,4,0,NewZealand,batting
248,TA Boult,15,7,4,25,34,10*,8.33,73.52,0,0,0,1,1,NewZealand,batting
249,BM Tickner,7,5,3,15,25,6*,7.5,60.0,0,0,0,1,0,NewZealand,batting
250,LH Ferguson,18,10,4,42,73,13,7.0,57.53,0,0,0,2,2,NewZealand,batting
251,MJ Henry,17,10,4,32,37,10*,5.33,86.48,0,0,3,2,1,NewZealand,batting
252,HB Shipley,8,6,1,18,39,7,3.6,46.15,0,0,2,0,0,NewZealand,batting
253,AF Milne,4,3,0,7,19,4,2.33,36.84,0,0,1,0,0,NewZealand,batting
254,JA Duffy,1,1,0,0,2,0,0.0,0.0,0,0,1,0,0,NewZealand,batting
255,D Foxcroft,1,1,0,0,1,0,0.0,0.0,0,0,1,0,0,NewZealand,batting
256,Mohammad Nadeem,9,9,4,266,377,65,53.20,70.55,0,2,1,27,2,Oman,batting
257,Ayaan Khan,9,9,1,345,365,105*,43.12,94.52,1,0,0,36,7,Oman,batting
258,Shoaib Khan,8,8,2,233,279,52*,38.83,83.51,0,2,1,22,4,Oman,batting
259,KH Prajapati,9,9,0,324,385,103,36.00,84.15,1,1,0,37,4,Oman,batting
260,Aqib Ilyas,8,7,0,192,247,53,27.42,77.73,0,2,0,19,2,Oman,batting
261,Naseem Khushi,5,3,0,82,67,69,27.33,122.38,0,1,0,8,3,Oman,batting
262,Zeeshan Maqsood,7,7,0,146,214,59,20.85,68.22,0,1,1,13,2,Oman,batting
263,Fayyaz Butt,7,4,1,52,64,19,17.33,81.25,0,0,0,6,1,Oman,batting
264,Sandeep Goud,4,4,0,58,78,46,14.50,74.35,0,0,0,5,2,Oman,batting
265,Jatinder Singh,9,9,0,122,228,42,13.55,53.5,0,0,0,15,0,Oman,batting
266,AA Shafique,2,1,0,13,33,13,13.00,39.39,0,0,0,2,0,Oman,batting
267,Bilal Khan,9,4,3,4,17,3*,4.00,23.52,0,0,1,0,0,Oman,batting
268,Jay Odedra,6,3,1,4,14,2*,2.00,28.57,0,0,1,0,0,Oman,batting
269,Kaleemullah,5,3,0,5,8,2,1.66,62.5,0,0,0,0,0,Oman,batting
270,Suraj Kumar,2,2,2,63,80,53*,0,78.75,0,1,0,5,1,Oman,batting
271,Mohammad Rizwan,25,23,7,1023,1091,131*,63.93,93.76,1,7,0,95,12,Pakistan,batting
272,Fakhar Zaman,20,19,2,864,930,180*,50.82,92.9,4,2,1,90,26,Pakistan,batting
273,Babar Azam,25,24,1,1065,1258,151,46.30,84.65,2,10,1,97,14,Pakistan,batting
274,Iftikhar Ahmed,18,15,4,490,428,109*,44.54,114.48,1,1,0,43,16,Pakistan,batting
275,Abdullah Shafique,11,11,0,414,466,113,37.63,88.84,1,4,1,39,12,Pakistan,batting
276,Imam-ul-Haq,18,17,0,610,749,91,35.88,81.44,0,6,0,55,6,Pakistan,batting
277,Agha Salman,18,14,3,386,404,58,35.09,95.54,0,3,0,35,7,Pakistan,batting
278,Saud Shakeel,10,8,0,250,252,68,31.25,99.2,0,2,0,32,1,Pakistan,batting
279,Shadab Khan,17,13,1,259,252,48,21.58,102.77,0,0,0,16,7,Pakistan,batting
280,Haris Sohail,3,3,0,64,69,32,21.33,92.75,0,0,0,3,2,Pakistan,batting
281,Mohammad Haris,2,2,1,20,17,17*,20.00,117.64,0,0,0,1,1,Pakistan,batting
282,Mohammad Nawaz,15,10,2,153,167,39,19.12,91.61,0,0,0,11,5,Pakistan,batting
283,Shaheen Shah Afridi,21,13,7,94,90,25,15.66,104.44,0,0,1,8,5,Pakistan,batting
284,Shan Masood,4,4,0,52,89,44,13.00,58.42,0,0,1,7,0,Pakistan,batting
285,Mohammad Wasim,12,5,1,46,47,16*,11.50,97.87,0,0,0,3,3,Pakistan,batting
286,Haris Rauf,22,10,4,59,61,35,9.83,96.72,0,0,1,5,4,Pakistan,batting
287,Usama Mir,12,6,0,40,34,20,6.66,117.64,0,0,2,2,3,Pakistan,batting
288,Hasan Ali,6,3,0,20,28,12,6.66,71.42,0,0,1,4,0,Pakistan,batting
289,Faheem Ashraf,3,2,0,6,14,4,3.00,42.85,0,0,0,0,0,Pakistan,batting
290,Naseem Shah,11,3,3,28,34,18*,0,82.35,0,0,0,4,0,Pakistan,batting
291,Mohammad Hasnain,1,1,1,4,2,4*,0,200.0,0,0,0,1,0,Pakistan,batting
292,Ihsanullah,1,0,0,0,0,0,0,0.0,0,0,0,0,0,Pakistan,batting
293,Kamran Ghulam,1,0,0,0,0,0,0,0.0,0,0,0,0,0,Pakistan,batting
294,Zaman Khan,1,0,0,0,0,0,0,0.0,0,0,0,0,0,Pakistan,batting
295,TP Ura,10,10,1,314,349,56,34.88,89.97,0,3,0,40,4,PapuaNewGuinea,batting
296,A Vala,13,13,0,401,580,75,30.84,69.13,0,3,2,29,6,PapuaNewGuinea,batting
297,S Bau,13,13,1,339,453,81*,28.25,74.83,0,3,0,35,3,PapuaNewGuinea,batting
298,K Doriga,13,13,0,333,484,73,25.61,68.8,0,2,1,36,11,PapuaNewGuinea,batting
299,CJA Amini,11,11,0,270,367,109,24.54,73.56,1,1,0,21,10,PapuaNewGuinea,batting
300,N Vanua,11,11,1,192,193,60,19.2,99.48,0,1,4,11,13,PapuaNewGuinea,batting
301,H Hiri,10,10,0,179,283,77,17.9,63.25,0,1,0,13,5,PapuaNewGuinea,batting
302,CA Soper,13,13,5,139,236,36*,17.37,58.89,0,0,1,6,1,PapuaNewGuinea,batting
303,G Toka,6,6,0,84,167,28,14.0,50.29,0,0,1,6,1,PapuaNewGuinea,batting
304,R Hekure,13,12,0,166,218,58,13.83,76.14,0,1,2,12,4,PapuaNewGuinea,batting
305,HGV Vare,6,5,1,20,28,7,5.0,71.42,0,0,0,2,0,PapuaNewGuinea,batting
306,J Kariko,3,2,0,8,12,8,4.0,66.66,0,0,1,2,0,PapuaNewGuinea,batting
307,KV Morea,6,5,1,15,23,7*,3.75,65.21,0,0,0,1,0,PapuaNewGuinea,batting
308,SI Kamea,12,10,7,11,31,5*,3.66,35.48,0,0,2,1,0,PapuaNewGuinea,batting
309,A Nao,3,2,0,3,7,2,1.5,42.85,0,0,0,0,0,PapuaNewGuinea,batting
310,MA Leask,11,9,2,333,276,107*,47.57,120.65,1,1,1,20,20,Scotland,batting
311,HG Munsey,6,6,1,236,237,103*,47.20,99.57,1,1,0,26,9,Scotland,batting
312,B McMullen,11,10,0,421,494,136,42.10,85.22,2,1,0,45,8,Scotland,batting
313,RD Berrington,11,10,1,342,432,127,38.00,79.16,1,2,1,26,7,Scotland,batting
314,KJ Coetzer,3,3,1,68,98,46*,34.00,69.38,0,0,1,11,0,Scotland,batting
315,MRJ Watt,11,9,2,189,187,47,27.00,101.06,0,0,1,19,3,Scotland,batting
316,MH Cross,11,10,1,223,367,74*,24.77,60.76,0,1,1,19,2,Scotland,batting
317,CM McBride,11,10,0,241,333,56,24.10,72.37,0,1,2,28,2,Scotland,batting
318,TSS Mackintosh,10,9,1,169,201,38*,21.12,84.07,0,0,0,17,1,Scotland,batting
319,LR Naylor,1,1,0,20,21,20,20.00,95.23,0,0,0,4,0,Scotland,batting
320,CN Greaves,11,9,1,154,160,56*,19.25,96.25,0,1,1,14,4,Scotland,batting
321,CB Sole,8,4,2,29,30,17,14.50,96.66,0,0,0,4,0,Scotland,batting
322,J Jarvis,3,3,0,28,47,26,9.33,59.57,0,0,1,1,1,Scotland,batting
323,SM Sharif,9,6,3,26,52,8*,8.66,50.0,0,0,0,1,0,Scotland,batting
324,A Neill,1,1,0,7,2,7,7.00,350.0,0,0,0,1,0,Scotland,batting
325,AC Evans,1,1,0,0,0,0,0.00,0.0,0,0,1,0,0,Scotland,batting
326,Hamza Tahir,2,0,0,0,0,0,0,0.0,0,0,0,0,0,Scotland,batting
327,AL Phehlukwayo,3,3,2,78,65,39*,78.00,120.0,0,0,0,3,7,SouthAfrica,batting
328,AK Markram,21,21,3,983,848,175,54.61,115.91,3,5,0,97,29,SouthAfrica,batting
329,H Klaasen,21,20,2,900,628,174,50.00,143.31,3,2,1,75,44,SouthAfrica,batting
330,DA Miller,21,20,4,790,689,101,49.37,114.65,1,6,1,54,39,SouthAfrica,batting
331,T Bavuma,18,18,2,782,809,144,48.87,96.66,3,2,2,85,18,SouthAfrica,batting
332,Q de Kock,20,20,0,937,931,174,46.85,100.64,4,1,0,101,30,SouthAfrica,batting
333,RR Hendricks,5,5,0,216,234,85,43.20,92.3,0,2,0,24,3,SouthAfrica,batting
334,HE van der Dussen,21,21,1,797,941,133,39.85,84.69,3,3,0,71,13,SouthAfrica,batting
335,M Jansen,20,17,5,406,350,75*,33.83,116.0,0,1,1,31,19,SouthAfrica,batting
336,T de Zorzi,2,2,0,48,48,27,24.00,100.0,0,0,0,7,0,SouthAfrica,batting
337,WD Parnell,4,3,1,40,37,34,20.00,108.1,0,0,0,4,1,SouthAfrica,batting
338,KA Maharaj,15,8,3,61,87,40,12.20,70.11,0,0,1,7,1,SouthAfrica,batting
339,K Rabada,14,7,3,45,69,17*,11.25,65.21,0,0,0,0,4,SouthAfrica,batting
340,L Ngidi,16,8,5,29,81,12*,9.66,35.8,0,0,2,1,1,SouthAfrica,batting
341,SSB Magala,5,4,2,18,22,6*,9.00,81.81,0,0,0,2,0,SouthAfrica,batting
342,RD Rickelton,2,2,0,17,26,14,8.50,65.38,0,0,0,0,1,SouthAfrica,batting
343,G Coetzee,14,7,0,57,90,22,8.14,63.33,0,0,1,4,1,SouthAfrica,batting
344,A Nortje,5,2,0,15,19,10,7.50,78.94,0,0,0,2,0,SouthAfrica,batting
345,T Stubbs,1,1,0,6,10,6,6.00,60.0,0,0,0,0,0,SouthAfrica,batting
346,T Shamsi,11,6,3,10,28,4*,3.33,35.71,0,0,2,1,0,SouthAfrica,batting
347,BC Fortuin,2,1,0,1,2,1,1.00,50.0,0,0,0,0,0,SouthAfrica,batting
348,LB Williams,1,0,0,0,0,0,0,0.0,0,0,0,0,0,SouthAfrica,batting
349,SSD Arachchige,2,1,0,57,71,57,57.00,80.28,0,1,0,4,0,SriLanka,batting
350,S Samarawickrama,25,22,3,850,881,108,44.73,96.48,1,6,2,82,6,SriLanka,batting
351,P Nissanka,29,29,3,1151,1317,104,44.26,87.39,2,9,3,156,6,SriLanka,batting
352,FDM Karunaratne,16,16,2,549,624,103,39.21,87.98,1,5,1,60,0,SriLanka,batting
353,KIC Asalanka,31,26,3,808,934,108,35.13,86.5,1,4,1,66,20,SriLanka,batting
354,BKG Mendis,31,30,3,893,980,122,33.07,91.12,1,6,4,89,23,SriLanka,batting
355,DM de Silva,27,23,2,519,636,93,24.71,81.6,0,2,1,51,8,SriLanka,batting
356,MADI Hemantha,5,4,2,39,39,22,19.50,100.0,0,0,1,3,1,SriLanka,batting
357,M Theekshana,23,13,3,189,326,38*,18.90,57.97,0,0,3,15,2,SriLanka,batting
358,MD Shanaka,24,20,2,338,379,108*,18.77,89.18,1,1,3,29,9,SriLanka,batting
359,MNK Fernando,4,4,0,75,105,50,18.75,71.42,0,1,0,10,0,SriLanka,batting
360,MDKJ Perera,9,9,0,166,157,78,18.44,105.73,0,2,2,29,2,SriLanka,batting
361,PWH de Silva,14,11,2,160,122,29*,17.77,131.14,0,0,1,16,6,SriLanka,batting
362,D Madushanka,15,9,7,33,74,19,16.50,44.59,0,0,0,5,0,SriLanka,batting
363,DN Wellalage,12,11,2,133,176,42*,14.77,75.56,0,0,3,10,3,SriLanka,batting
364,AD Mathews,8,7,0,81,132,23,11.57,61.36,0,0,2,7,1,SriLanka,batting
365,CAK Rajitha,21,14,4,108,168,33,10.80,64.28,0,0,3,12,1,SriLanka,batting
366,C Karunaratne,8,7,0,75,146,24,10.71,51.36,0,0,0,10,0,SriLanka,batting
367,WIA Fernando,3,3,0,26,33,20,8.66,78.78,0,0,0,5,0,SriLanka,batting
368,CBRLS Kumara,13,9,2,38,76,10,5.42,50.0,0,0,1,5,1,SriLanka,batting
369,M Pathirana,12,7,2,11,35,5,2.20,31.42,0,0,2,2,0,SriLanka,batting
370,PVD Chameera,6,4,0,6,39,4,1.50,15.38,0,0,1,0,0,SriLanka,batting
371,Pramod Madushan,2,2,0,2,9,1,1.00,22.22,0,0,0,0,0,SriLanka,batting
372,KNA Bandara,1,0,0,0,0,0,0,0.0,0,0,0,0,0,SriLanka,batting
373,JDF Vandersay,1,0,0,0,0,0,0,0.0,0,0,0,0,0,SriLanka,batting
374,Shayan Jahangir,8,8,1,279,291,100*,39.85,95.87,1,1,1,26,6,USA,batting
375,G Singh,11,11,1,397,456,101*,39.7,87.06,1,2,0,34,10,USA,batting
376,NP Kenjige,11,10,5,146,192,43,29.2,76.04,0,0,0,11,3,USA,batting
377,SR Mukkamalla,9,9,1,231,258,120*,28.87,89.53,1,1,2,20,3,USA,batting
378,Usman Rafiq,2,2,1,28,40,28*,28.0,70.0,0,0,1,4,0,USA,batting
379,SR Taylor,8,8,0,219,320,81,27.37,68.43,0,2,1,24,4,USA,batting
380,Aaron Jones,10,10,0,246,380,75,24.6,64.73,0,2,0,14,6,USA,batting
381,SJ Modani,11,11,0,261,468,64,23.72,55.76,0,2,1,17,3,USA,batting
382,Jasdeep Singh,10,10,1,177,245,38,19.66,72.24,0,0,0,13,6,USA,batting
383,MD Patel,9,9,0,152,201,61,16.88,75.62,0,2,3,8,1,USA,batting
384,AA Paradkar,2,2,0,24,35,24,12.0,68.57,0,0,1,3,0,USA,batting
385,SN Netravalkar,10,6,3,31,53,14*,10.33,58.49,0,0,1,2,0,USA,batting
386,NK Patel,10,9,1,67,128,23,8.37,52.34,0,0,0,4,0,USA,batting
387,Ali Khan,8,5,2,16,16,6,5.33,100.0,0,0,0,1,0,USA,batting
388,K Phillip,2,1,0,0,2,0,0.0,0.0,0,0,1,0,0,USA,batting
389,Asif Khan,24,24,3,934,1059,151*,44.47,88.19,3,4,2,69,38,UnitedArabEmirates,batting
390,Muhammad Waseem,24,24,0,782,752,119,32.58,103.98,1,4,3,67,47,UnitedArabEmirates,batting
391,V Aravind,26,26,1,792,1161,94,31.68,68.21,0,4,4,76,6,UnitedArabEmirates,batting
392,SM Sharma,8,6,3,87,97,44,29.00,89.69,0,0,0,4,4,UnitedArabEmirates,batting
393,Basil Hameed,9,9,0,243,330,49,27.00,73.63,0,0,1,11,11,UnitedArabEmirates,batting
394,Aayan Afzal Khan,22,19,5,368,455,94*,26.28,80.87,0,2,4,39,8,UnitedArabEmirates,batting
395,Ali Naseer,9,9,1,204,201,58,25.50,101.49,0,2,0,17,8,UnitedArabEmirates,batting
396,Rameez Shahzad,11,11,1,245,347,54*,24.50,70.6,0,1,0,24,4,UnitedArabEmirates,batting
397,CP Rizwan,9,9,2,166,352,60*,23.71,47.15,0,1,0,12,0,UnitedArabEmirates,batting
398,Aryan Lakra,14,14,0,291,534,53,20.78,54.49,0,3,2,23,3,UnitedArabEmirates,batting
399,A Sharma,7,7,0,136,178,57,19.42,76.4,0,1,1,17,2,UnitedArabEmirates,batting
400,Rohan Mustafa,24,23,2,316,548,52*,15.04,57.66,0,1,2,22,5,UnitedArabEmirates,batting
401,AC Valthapa,3,1,0,14,22,14,14.00,63.63,0,0,0,1,0,UnitedArabEmirates,batting
402,Zawar Farid,3,2,0,21,29,19,10.50,72.41,0,0,0,2,0,UnitedArabEmirates,batting
403,Ansh Tandon,1,1,0,10,18,10,10.00,55.55,0,0,0,1,0,UnitedArabEmirates,batting
404,KP Meiyappan,23,19,4,143,296,24,9.53,48.31,0,0,5,10,0,UnitedArabEmirates,batting
405,Zahoor Khan,22,14,6,59,100,23,7.37,59.0,0,0,3,4,1,UnitedArabEmirates,batting
406,Muhammad Jawadullah,5,4,2,14,13,13*,7.00,107.69,0,0,1,1,1,UnitedArabEmirates,batting
407,A Sharafu,4,4,0,22,46,14,5.50,47.82,0,0,1,1,0,UnitedArabEmirates,batting
408,EC D'Souza,3,2,0,9,19,6,4.50,47.36,0,0,0,1,0,UnitedArabEmirates,batting
409,Lovepreet Singh,2,2,0,9,25,6,4.50,36.0,0,0,0,1,0,UnitedArabEmirates,batting
410,Junaid Siddique,23,16,3,57,107,16*,4.38,53.27,0,0,5,1,5,UnitedArabEmirates,batting
411,Hazrat Bilal,4,2,1,3,13,2*,3.00,23.07,0,0,0,0,0,UnitedArabEmirates,batting
412,Chirag Suri,2,2,0,5,15,5,2.50,33.33,0,0,1,1,0,UnitedArabEmirates,batting
413,RN Bhatia,1,1,0,2,6,2,2.00,33.33,0,0,0,0,0,UnitedArabEmirates,batting
414,Adhitya Shetty,1,0,0,0,0,0,0,0.0,0,0,0,0,0,UnitedArabEmirates,batting
415,Matiullah Khan,1,1,1,0,0,0*,0,0.0,0,0,0,0,0,UnitedArabEmirates,batting
416,Sabir Ali,2,1,1,0,1,0*,0,0.0,0,0,0,0,0,UnitedArabEmirates,batting
417,SD Hope,14,14,4,632,657,132,63.20,96.19,2,3,0,41,20,WestIndies,batting
418,N Pooran,9,9,2,428,382,115,61.14,112.04,2,0,0,35,19,WestIndies,batting
419,KU Carty,7,7,2,229,311,87,45.80,73.63,0,1,0,16,3,WestIndies,batting
420,BA King,14,14,0,570,620,112,40.71,91.93,2,3,2,75,12,WestIndies,batting
421,RL Chase,9,5,1,134,156,55,33.50,85.89,0,1,0,8,1,WestIndies,batting
422,JO Holder,7,7,1,195,223,56,32.50,87.44,0,1,0,13,5,WestIndies,batting
423,A Athanaze,4,4,0,125,122,65,31.25,102.45,0,1,0,15,4,WestIndies,batting
424,J Charles,10,10,0,254,272,66,25.40,93.38,0,3,2,32,9,WestIndies,batting
425,SSJ Brooks,8,8,0,148,205,44,18.50,72.19,0,0,2,12,1,WestIndies,batting
426,OF Smith,4,3,0,55,44,37,18.33,125.0,0,0,0,6,1,WestIndies,batting
427,KMA Paul,7,5,2,54,43,46*,18.00,125.58,0,0,0,4,2,WestIndies,batting
428,K Sinclair,4,2,0,35,60,25,17.50,58.33,0,0,0,2,0,WestIndies,batting
429,KR Mayers,11,10,0,174,231,56,17.40,75.32,0,1,0,21,6,WestIndies,batting
430,AJ Hosein,9,6,4,32,60,14,16.00,53.33,0,0,0,1,0,WestIndies,batting
431,RA Reifer,1,1,0,15,30,15,15.00,50.0,0,0,0,0,0,WestIndies,batting
432,R Shepherd,7,5,0,70,75,36,14.00,93.33,0,0,2,10,0,WestIndies,batting
433,R Powell,6,6,0,82,73,46,13.66,112.32,0,0,1,6,4,WestIndies,batting
434,AS Joseph,9,6,2,52,72,26,13.00,72.22,0,0,0,2,4,WestIndies,batting
435,KAR Hodge,3,2,0,26,29,26,13.00,89.65,0,0,1,4,0,WestIndies,batting
436,Y Cariah,8,4,0,35,71,19,8.75,49.29,0,0,0,3,0,WestIndies,batting
437,SO Hetmyer,3,3,0,24,40,11,8.00,60.0,0,0,0,2,0,WestIndies,batting
438,DC Drakes,3,2,0,11,17,8,5.50,64.7,0,0,0,0,0,WestIndies,batting
439,JNT Seales,3,2,0,1,12,1,0.50,8.33,0,0,1,0,0,WestIndies,batting
440,G Motie,3,2,2,39,37,39*,0,105.4,0,0,0,4,3,WestIndies,batting
441,Akeem Jordan,2,1,1,3,6,3*,0,50.0,0,0,0,0,0,WestIndies,batting
