,Player,Span,Mat,Inns,Overs,Mdns,Runs,Wkts,BBI,Ave,Econ,SR,5,10,Ct,St,Country,Type
0,TH David,2023-2023,4,1,2.0,0,20,1,1/20,20.00,10.00,12.0,0,0,0,0,Australia,bowling
1,A Zampa,2023-2023,20,20,173.0,4,1000,38,4/8,26.31,5.78,27.3,0,0,2,0,Australia,bowling
2,AC Agar,2023-2023,2,2,19.0,0,81,3,2/41,27.00,4.26,38.0,0,0,0,0,Australia,bowling
3,MA Starc,2023-2023,14,14,121.5,3,750,25,5/53,30.00,6.15,29.2,1,0,7,0,Australia,bowling
4,AM Hardie,2023-2023,1,1,10.0,0,62,2,2/62,31.00,6.20,30.0,0,0,0,0,Australia,bowling
5,JR Hazlewood,2023-2023,16,16,140.1,10,747,24,3/38,31.12,5.32,35.0,0,0,5,0,Australia,bowling
6,NT Ellis,2023-2023,5,5,41.0,1,242,7,2/13,34.57,5.90,35.1,0,0,2,0,Australia,bowling
7,PJ Cummins,2023-2023,13,13,107.3,1,618,17,3/51,36.35,5.74,37.9,0,0,5,0,Australia,bowling
8,MP Stoinis,2023-2023,13,12,66.1,2,412,11,2/20,37.45,6.22,36.0,0,0,4,0,Australia,bowling
9,SA Abbott,2023-2023,10,10,84.3,2,487,13,3/23,37.46,5.76,39.0,0,0,5,0,Australia,bowling
10,GJ Maxwell,2023-2023,11,10,80.3,1,377,10,4/40,37.70,4.68,48.3,0,0,6,0,Australia,bowling
11,TM Head,2023-2023,13,7,35.0,0,181,4,2/21,45.25,5.17,52.5,0,0,4,0,Australia,bowling
12,MR Marsh,2023-2023,20,5,13.0,0,96,2,2/19,48.00,7.38,39.0,0,0,4,0,Australia,bowling
13,T Sangha,2023-2023,2,2,18.0,0,125,2,1/61,62.50,6.94,54.0,0,0,0,0,Australia,bowling
14,C Green,2023-2023,10,8,50.4,0,334,5,2/103,66.80,6.59,60.8,0,0,5,0,Australia,bowling
15,MG Neser,2023-2023,2,2,20.0,1,119,1,1/59,119.00,5.95,120.0,0,0,1,0,Australia,bowling
16,MW Short,2023-2023,2,2,10.0,0,54,0,0,0,5.40,0,0,0,1,0,Australia,bowling
17,SH Johnson,2023-2023,1,1,8.0,0,61,0,0,0,7.62,0,0,0,0,0,Australia,bowling
18,M Labuschagne,2023-2023,22,1,3.0,0,33,0,0,0,11.00,0,0,0,14,0,Australia,bowling
19,AT Carey,2023-2023,10,0,0.0,0,0,0,0,0,0,0,0,0,11,0,Australia,bowling
20,JP Inglis,2023-2023,16,0,0.0,0,0,0,0,0,0,0,0,0,16,2,Australia,bowling
21,SPD Smith,2023-2023,16,0,0.0,0,0,0,0,0,0,0,0,0,6,0,Australia,bowling
22,DA Warner,2023-2023,20,0,0.0,0,0,0,0,0,0,0,0,0,10,0,Australia,bowling
23,Rahmat Shah,2023-2023,18,2,2.1,0,18,1,1/6,18.00,8.30,13.0,0,0,6,0,Afghanistan,bowling
24,Gulbadin Naib,2023-2023,4,4,29.0,1,173,8,4/60,21.62,5.96,21.7,0,0,0,0,Afghanistan,bowling
25,Fareed Ahmad,2023-2023,4,4,28.0,0,182,6,2/43,30.33,6.50,28.0,0,0,0,0,Afghanistan,bowling
26,Mohammad Nabi,2023-2023,20,20,139.3,4,601,18,3/28,33.38,4.30,46.5,0,0,11,0,Afghanistan,bowling
27,Fazalhaq Farooqi,2023-2023,17,17,118.5,7,705,21,4/34,33.57,5.93,33.9,0,0,1,0,Afghanistan,bowling
28,Rashid Khan,2023-2023,17,17,158.3,4,724,20,3/37,36.20,4.56,47.5,0,0,6,0,Afghanistan,bowling
29,Mujeeb Ur Rahman,2023-2023,20,20,179.5,8,907,22,3/33,41.22,5.04,49.0,0,0,2,0,Afghanistan,bowling
30,Noor Ahmad,2023-2023,6,6,55.0,1,306,7,3/49,43.71,5.56,47.1,0,0,1,0,Afghanistan,bowling
31,Naveen-ul-Haq,2023-2023,8,8,53.4,1,352,8,2/47,44.00,6.55,40.2,0,0,2,0,Afghanistan,bowling
32,Azmatullah Omarzai,2023-2023,15,15,68.4,2,445,9,2/52,49.44,6.48,45.7,0,0,1,0,Afghanistan,bowling
33,Abdul Rahman,2023-2023,3,3,17.2,0,133,1,1/83,133.00,7.67,104.0,0,0,0,0,Afghanistan,bowling
34,Zia-ur-Rehman,2023-2023,1,1,3.3,0,22,0,0,0,6.28,0,0,0,0,0,Afghanistan,bowling
35,Karim Janat,2023-2023,2,2,9.0,0,59,0,0,0,6.55,0,0,0,0,0,Afghanistan,bowling
36,Mohammad Saleem,2023-2023,2,2,10.2,0,70,0,0,0,6.77,0,0,0,1,0,Afghanistan,bowling
37,Hashmatullah Shahidi,2023-2023,20,0,0.0,0,0,0,0,0,0,0,0,0,4,0,Afghanistan,bowling
38,Ibrahim Zadran,2023-2023,20,0,0.0,0,0,0,0,0,0,0,0,0,6,0,Afghanistan,bowling
39,Ikram Alikhil,2023-2023,9,0,0.0,0,0,0,0,0,0,0,0,0,6,1,Afghanistan,bowling
40,Najibullah Zadran,2023-2023,10,0,0.0,0,0,0,0,0,0,0,0,0,1,0,Afghanistan,bowling
41,Rahmanullah Gurbaz,2023-2023,20,0,0.0,0,0,0,0,0,0,0,0,0,12,0,Afghanistan,bowling
42,Riaz Hassan,2023-2023,2,0,0.0,0,0,0,0,0,0,0,0,0,3,0,Afghanistan,bowling
43,Shahidullah,2023-2023,2,0,0.0,0,0,0,0,0,0,0,0,0,1,0,Afghanistan,bowling
44,Khaled Ahmed,2023-2023,2,2,13.2,1,72,3,3/60,24.00,5.40,26.6,0,0,0,0,Bangladesh,bowling
45,Taskin Ahmed,2023-2023,18,17,137.3,10,659,26,4/44,25.34,4.79,31.7,0,0,2,0,Bangladesh,bowling
46,Taijul Islam,2023-2023,6,6,48.0,0,261,10,3/54,26.10,5.43,28.8,0,0,2,0,Bangladesh,bowling
47,Ebadot Hossain,2023-2023,8,7,54.4,3,294,11,4/42,26.72,5.37,29.8,0,0,0,0,Bangladesh,bowling
48,Shoriful Islam,2023-2023,16,16,122.4,7,697,26,4/21,26.80,5.68,28.3,0,0,1,0,Bangladesh,bowling
49,Tanzim Hasan Sakib,2023-2023,3,3,23.3,1,137,5,3/80,27.40,5.82,28.2,0,0,0,0,Bangladesh,bowling
50,Mahedi Hasan,2023-2023,8,8,65.0,1,331,12,4/71,27.58,5.09,32.5,0,0,2,0,Bangladesh,bowling
51,Hasan Mahmud,2023-2023,14,13,103.1,4,622,20,5/32,31.10,6.02,30.9,1,0,1,0,Bangladesh,bowling
52,Shakib Al Hasan,2023-2023,23,20,174.0,7,816,23,4/35,35.47,4.68,45.3,0,0,6,0,Bangladesh,bowling
53,Mehidy Hasan Miraz,2023-2023,24,22,162.0,7,866,22,3/25,39.36,5.34,44.1,0,0,8,0,Bangladesh,bowling
54,Mustafizur Rahman,2023-2023,19,19,147.5,6,815,20,4/44,40.75,5.51,44.3,0,0,3,0,Bangladesh,bowling
55,Najmul Hossain Shanto,2023-2023,24,4,7.2,0,41,1,1/10,41.00,5.59,44.0,0,0,8,0,Bangladesh,bowling
56,Nasum Ahmed,2023-2023,11,10,83.3,4,422,7,3/43,60.28,5.05,71.5,0,0,3,0,Bangladesh,bowling
57,Afif Hossain,2023-2023,8,1,1.0,0,6,0,0,0,6.00,0,0,0,3,0,Bangladesh,bowling
58,Mahmudullah,2023-2023,14,5,12.5,0,79,0,0,0,6.15,0,0,0,7,0,Bangladesh,bowling
59,Soumya Sarkar,2023-2023,2,1,2.0,0,13,0,0,0,6.50,0,0,0,1,0,Bangladesh,bowling
60,Mrittunjoy Chowdhury,2023-2023,1,1,8.0,0,64,0,0,0,8.00,0,0,0,2,0,Bangladesh,bowling
61,Shamim Hossain,2023-2023,4,2,2.0,0,18,0,0,0,9.00,0,0,0,1,0,Bangladesh,bowling
62,Anamul Haque,2023-2023,1,0,0.0,0,0,0,0,0,0,0,0,0,1,0,Bangladesh,bowling
63,Litton Das,2023-2023,26,0,0.0,0,0,0,0,0,0,0,0,0,15,1,Bangladesh,bowling
64,Mohammad Naim,2023-2023,6,0,0.0,0,0,0,0,0,0,0,0,0,2,0,Bangladesh,bowling
65,Mushfiqur Rahim,2023-2023,26,0,0.0,0,0,0,0,0,0,0,0,0,22,4,Bangladesh,bowling
66,Nurul Hasan,2023-2023,1,0,0.0,0,0,0,0,0,0,0,0,0,2,1,Bangladesh,bowling
67,Rony Talukdar,2023-2023,1,0,0.0,0,0,0,0,0,0,0,0,0,1,0,Bangladesh,bowling
68,Tamim Iqbal,2023-2023,12,0,0.0,0,0,0,0,0,0,0,0,0,3,0,Bangladesh,bowling
69,Tanzid Hasan,2023-2023,14,0,0.0,0,0,0,0,0,0,0,0,0,4,0,Bangladesh,bowling
70,Towhid Hridoy,2023-2023,24,0,0.0,0,0,0,0,0,0,0,0,0,6,0,Bangladesh,bowling
71,Yasir Ali,2023-2023,2,0,0.0,0,0,0,0,0,0,0,0,0,1,0,Bangladesh,bowling
72,Zakir Hasan,2023-2023,1,0,0.0,0,0,0,0,0,0,0,0,0,0,0,Bangladesh,bowling
73,JOA Gordon,2023-2023,5,5,41.2,1,202,12,6/43,16.83,4.88,20.6,1,0,1,0,Canada,bowling
74,H Thaker,2023-2023,5,5,43.0,3,144,6,2/27,24.00,3.34,43.0,0,0,2,0,Canada,bowling
75,Saad Bin Zafar,2023-2023,5,5,45.0,0,215,8,3/43,26.87,4.77,33.7,0,0,1,0,Canada,bowling
76,Kaleem Sana,2023-2023,5,5,42.0,5,207,7,3/14,29.57,4.92,36.0,0,0,1,0,Canada,bowling
77,Pargat Singh,2023-2023,5,3,14.0,0,61,2,1/20,30.50,4.35,42.0,0,0,1,0,Canada,bowling
78,N Dutta,2023-2023,5,4,33.0,1,135,4,2/30,33.75,4.09,49.5,0,0,1,0,Canada,bowling
79,D Heyliger,2023-2023,2,2,13.0,0,45,1,1/34,45.00,3.46,78.0,0,0,0,0,Canada,bowling
80,A Johnson,2023-2023,5,0,0.0,0,0,0,0,0,0,0,0,0,4,0,Canada,bowling
81,NR Kirton,2023-2023,3,0,0.0,0,0,0,0,0,0,0,0,0,1,0,Canada,bowling
82,Ravinderpal Singh,2023-2023,5,0,0.0,0,0,0,0,0,0,0,0,0,4,0,Canada,bowling
83,M Spoors,2023-2023,5,0,0.0,0,0,0,0,0,0,0,0,0,1,0,Canada,bowling
84,SA Wijeyeratne,2023-2023,5,0,0.0,0,0,0,0,0,0,0,0,0,8,2,Canada,bowling
85,JC Archer,2023-2023,4,4,38.0,2,193,12,6/40,16.08,5.07,19.0,1,0,1,0,England,bowling
86,GLS Scrimshaw,2023-2023,1,1,8.4,0,66,3,3/66,22.00,7.61,17.3,0,0,0,0,England,bowling
87,Rehan Ahmed,2023-2023,3,2,20.0,0,116,5,4/54,23.20,5.80,24.0,0,0,1,0,England,bowling
88,MJ Potts,2023-2023,2,1,7.0,0,47,2,2/47,23.50,6.71,21.0,0,0,0,0,England,bowling
89,DJ Willey,2023-2023,10,10,74.5,7,391,16,3/34,24.43,5.22,28.0,0,0,2,0,England,bowling
90,AU Rashid,2023-2023,16,16,141.4,1,791,30,4/45,26.36,5.58,28.3,0,0,4,0,England,bowling
91,OP Stone,2023-2023,2,2,17.0,1,85,3,2/48,28.33,5.00,34.0,0,0,0,0,England,bowling
92,SM Curran,2023-2023,11,11,71.2,5,449,14,4/29,32.07,6.29,30.5,0,0,5,0,England,bowling
93,CR Woakes,2023-2023,14,14,100.1,3,522,16,4/54,32.62,5.21,37.5,0,0,3,0,England,bowling
94,RJW Topley,2023-2023,9,9,70.4,3,432,13,4/43,33.23,6.11,32.6,0,0,3,0,England,bowling
95,LS Livingstone,2023-2023,10,9,48.4,1,255,7,3/16,36.42,5.23,41.7,0,0,2,0,England,bowling
96,MM Ali,2023-2023,15,15,103.0,2,593,16,4/50,37.06,5.75,38.6,0,0,11,0,England,bowling
97,BA Carse,2023-2023,3,2,15.0,0,93,2,1/40,46.50,6.20,45.0,0,0,1,0,England,bowling
98,AAP Atkinson,2023-2023,6,6,41.0,0,240,5,2/45,48.00,5.85,49.2,0,0,0,0,England,bowling
99,MA Wood,2023-2023,9,9,66.0,1,397,8,2/34,49.62,6.01,49.5,0,0,2,0,England,bowling
100,WG Jacks,2023-2023,4,3,14.0,0,72,1,1/18,72.00,5.14,84.0,0,0,1,0,England,bowling
101,JE Root,2023-2023,13,3,14.1,0,92,1,1/19,92.00,6.49,85.0,0,0,7,0,England,bowling
102,S Mahmood,2023-2023,1,1,9.0,0,41,0,0,0,4.55,0,0,0,0,0,England,bowling
103,TW Hartley,2023-2023,2,1,10.0,0,48,0,0,0,4.80,0,0,0,0,0,England,bowling
104,JM Bairstow,2023-2023,12,0,0.0,0,0,0,0,0,0,0,0,0,7,0,England,bowling
105,HC Brook,2023-2023,12,0,0.0,0,0,0,0,0,0,0,0,0,1,0,England,bowling
106,JC Buttler,2023-2023,19,0,0.0,0,0,0,0,0,0,0,0,0,29,3,England,bowling
107,Z Crawley,2023-2023,2,0,0.0,0,0,0,0,0,0,0,0,0,0,0,England,bowling
108,BM Duckett,2023-2023,5,0,0.0,0,0,0,0,0,0,0,0,0,5,0,England,bowling
109,SR Hain,2023-2023,2,0,0.0,0,0,0,0,0,0,0,0,0,0,0,England,bowling
110,DJ Malan,2023-2023,18,0,0.0,0,0,0,0,0,0,0,0,0,6,0,England,bowling
111,JJ Roy,2023-2023,6,0,0.0,0,0,0,0,0,0,0,0,0,4,0,England,bowling
112,PD Salt,2023-2023,5,0,0.0,0,0,0,0,0,0,0,0,0,1,0,England,bowling
113,JL Smith,2023-2023,2,0,0.0,0,0,0,0,0,0,0,0,0,1,0,England,bowling
114,BA Stokes,2023-2023,9,0,0.0,0,0,0,0,0,0,0,0,0,6,0,England,bowling
115,JM Vince,2023-2023,3,0,0.0,0,0,0,0,0,0,0,0,0,2,0,England,bowling
116,L Wood,2023-2023,1,0,0.0,0,0,0,0,0,0,0,0,0,0,0,England,bowling
117,RG Sharma,2023-2023,27,1,0.5,0,7,1,1/7,7.00,8.40,5.0,0,0,9,0,India,bowling
118,V Kohli,2023-2023,27,2,3.3,0,15,1,1/13,15.00,4.28,21.0,0,0,12,0,India,bowling
119,JD Unadkat,2023-2023,1,1,5.0,0,16,1,1/16,16.00,3.20,30.0,0,0,1,0,India,bowling
120,Mohammed Shami,2023-2023,19,19,132.5,12,708,43,7/57,16.46,5.32,18.5,4,0,3,0,India,bowling
121,Mukesh Kumar,2023-2023,3,3,15.0,2,69,4,3/30,17.25,4.60,22.5,0,0,0,0,India,bowling
122,Kuldeep Yadav,2023-2023,28,27,207.1,13,953,48,5/25,19.85,4.60,25.8,1,0,6,0,India,bowling
123,JJ Bumrah,2023-2023,17,16,128.5,14,568,28,4/39,20.28,4.40,27.6,0,0,1,0,India,bowling
124,Mohammed Siraj,2023-2023,25,24,172.1,17,910,44,6/21,20.68,5.28,23.4,1,0,2,0,India,bowling
125,R Ashwin,2023-2023,3,3,27.0,1,122,5,3/41,24.40,4.51,32.4,0,0,1,0,India,bowling
126,HH Pandya,2023-2023,20,19,94.3,7,522,21,3/3,24.85,5.52,27.0,0,0,7,0,India,bowling
127,SN Thakur,2023-2023,16,15,87.5,2,552,21,4/37,26.28,6.28,25.0,0,0,2,0,India,bowling
128,RA Jadeja,2023-2023,26,23,189.5,6,874,31,5/33,28.19,4.60,36.7,1,0,11,0,India,bowling
129,Umran Malik,2023-2023,5,5,28.0,0,201,6,3/57,33.50,7.17,28.0,0,0,1,0,India,bowling
130,YS Chahal,2023-2023,2,2,17.2,0,101,3,2/43,33.66,5.82,34.6,0,0,0,0,India,bowling
131,M Prasidh Krishna,2023-2023,3,3,20.0,0,144,4,2/56,36.00,7.20,30.0,0,0,1,0,India,bowling
132,AR Patel,2023-2023,8,7,42.0,1,236,4,2/57,59.00,5.61,63.0,0,0,6,0,India,bowling
133,Washington Sundar,2023-2023,6,4,26.0,1,154,2,2/7,77.00,5.92,78.0,0,0,1,0,India,bowling
134,SS Iyer,2023-2023,19,1,1.0,0,2,0,0,0,2.00,0,0,0,9,0,India,bowling
135,NT Tilak Varma,2023-2023,1,1,4.0,0,21,0,0,0,5.25,0,0,0,1,0,India,bowling
136,Shubman Gill,2023-2023,29,1,2.0,0,11,0,0,0,5.50,0,0,0,24,0,India,bowling
137,SA Yadav,2023-2023,21,1,2.0,0,17,0,0,0,8.50,0,0,0,7,0,India,bowling
138,RD Gaikwad,2023-2023,3,0,0.0,0,0,0,0,0,0,0,0,0,0,0,India,bowling
139,Ishan Kishan,2023-2023,17,0,0.0,0,0,0,0,0,0,0,0,0,10,1,India,bowling
140,KL Rahul,2023-2023,24,0,0.0,0,0,0,0,0,0,0,0,0,30,3,India,bowling
141,SV Samson,2023-2023,2,0,0.0,0,0,0,0,0,0,0,0,0,0,0,India,bowling
142,CA Young,2023-2023,5,5,38.0,1,193,11,3/31,17.54,5.07,20.7,0,0,3,0,Ireland,bowling
143,GI Hume,2023-2023,9,9,64.0,2,367,14,4/60,26.21,5.73,27.4,0,0,2,0,Ireland,bowling
144,MR Adair,2023-2023,17,17,136.5,7,773,28,4/40,27.60,5.64,29.3,0,0,9,0,Ireland,bowling
145,GH Dockrell,2023-2023,17,12,65.0,0,367,13,3/43,28.23,5.64,30.0,0,0,3,0,Ireland,bowling
146,BJ McCarthy,2023-2023,6,6,49.4,3,305,9,3/56,33.88,6.14,33.1,0,0,3,0,Ireland,bowling
147,JB Little,2023-2023,12,12,97.0,0,658,16,4/38,41.12,6.78,36.3,0,0,3,0,Ireland,bowling
148,TF van Woerkom,2023-2023,1,1,4.0,0,47,1,1/47,47.00,11.75,24.0,0,0,1,0,Ireland,bowling
149,C Campher,2023-2023,16,15,71.1,1,456,9,2/14,50.66,6.40,47.4,0,0,6,0,Ireland,bowling
150,AR McBrine,2023-2023,15,14,102.0,2,541,9,2/19,60.11,5.30,68.0,0,0,7,0,Ireland,bowling
151,GJ Delany,2023-2023,8,5,36.0,0,212,3,2/52,70.66,5.88,72.0,0,0,5,0,Ireland,bowling
152,B White,2023-2023,2,2,18.0,0,118,1,1/59,118.00,6.55,108.0,0,0,0,0,Ireland,bowling
153,HT Tector,2023-2023,17,5,22.0,0,143,1,1/20,143.00,6.50,132.0,0,0,9,0,Ireland,bowling
154,MJ Humphreys,2023-2023,2,2,11.0,0,95,0,0,0,8.63,0,0,0,0,0,Ireland,bowling
155,A Balbirnie,2023-2023,15,0,0.0,0,0,0,0,0,0,0,0,0,6,0,Ireland,bowling
156,M Commins,2023-2023,2,0,0.0,0,0,0,0,0,0,0,0,0,1,0,Ireland,bowling
157,ST Doheny,2023-2023,9,0,0.0,0,0,0,0,0,0,0,0,0,3,0,Ireland,bowling
158,PR Stirling,2023-2023,17,0,0.0,0,0,0,0,0,0,0,0,0,7,0,Ireland,bowling
159,LJ Tucker,2023-2023,17,0,0.0,0,0,0,0,0,0,0,0,0,20,2,Ireland,bowling
160,JTS Sumerauer,2023-2023,5,5,49.0,5,245,11,4/51,22.27,5.00,26.7,0,0,1,0,Jersey,bowling
161,CW Perchard,2023-2023,5,5,45.0,3,208,9,3/38,23.11,4.62,30.0,0,0,0,0,Jersey,bowling
162,B Ward,2023-2023,5,5,40.1,2,221,6,4/39,36.83,5.50,40.1,0,0,3,0,Jersey,bowling
163,EJB Miles,2023-2023,4,4,29.0,1,165,4,2/32,41.25,5.68,43.5,0,0,0,0,Jersey,bowling
164,D Birrell,2023-2023,1,1,10.0,0,54,1,1/54,54.00,5.40,60.0,0,0,0,0,Jersey,bowling
165,AW Hawkins-Kay,2023-2023,1,1,9.0,0,58,1,1/58,58.00,6.44,54.0,0,0,0,0,Jersey,bowling
166,HL Carlyon,2023-2023,5,4,30.0,2,141,2,2/38,70.50,4.70,90.0,0,0,0,0,Jersey,bowling
167,DG Blampied,2023-2023,3,3,13.0,1,77,0,0,0,5.92,0,0,0,0,0,Jersey,bowling
168,AM Tribe,2023-2023,5,3,4.0,0,30,0,0,0,7.50,0,0,0,2,0,Jersey,bowling
169,BDH Stevens,2023-2023,1,1,3.0,0,28,0,0,0,9.33,0,0,0,0,0,Jersey,bowling
170,JSE Dunford,2023-2023,5,0,0.0,0,0,0,0,0,0,0,0,0,2,0,Jersey,bowling
171,NA Greenwood,2023-2023,5,0,0.0,0,0,0,0,0,0,0,0,0,4,0,Jersey,bowling
172,JW Jenner,2023-2023,5,0,0.0,0,0,0,0,0,0,0,0,0,2,0,Jersey,bowling
173,JAD Lawrenson,2023-2023,5,0,0.0,0,0,0,0,0,0,0,0,0,1,0,Jersey,bowling
174,R Trumpelmann,2023-2023,11,11,99.0,6,442,24,5/30,18.41,4.46,24.7,1,0,3,0,Namibia,bowling
175,T Lungameni,2023-2023,6,6,50.0,6,204,10,4/20,20.40,4.08,30.0,0,0,3,0,Namibia,bowling
176,S Fouche,2023-2023,7,5,26.0,1,130,6,3/46,21.66,5.00,26.0,0,0,3,0,Namibia,bowling
177,JN Loftie-Eaton,2023-2023,11,3,8.4,1,65,3,3/54,21.66,7.50,17.3,0,0,1,0,Namibia,bowling
178,MG Erasmus,2023-2023,11,7,37.5,1,190,8,2/23,23.75,5.02,28.3,0,0,7,0,Namibia,bowling
179,BM Scholtz,2023-2023,11,11,99.0,11,366,12,3/67,30.50,3.69,49.5,0,0,0,0,Namibia,bowling
180,B Shikongo,2023-2023,10,10,67.0,4,420,13,3/42,32.30,6.26,30.9,0,0,1,0,Namibia,bowling
181,HN Ya France,2023-2023,11,10,65.1,3,312,6,2/27,52.00,4.78,65.1,0,0,4,0,Namibia,bowling
182,K Birkenstock,2023-2023,8,7,33.0,0,214,2,1/34,107.00,6.48,99.0,0,0,3,0,Namibia,bowling
183,M van Lingen,2023-2023,10,2,2.0,0,20,0,0,0,10.00,0,0,0,5,0,Namibia,bowling
184,N Davin,2023-2023,5,0,0.0,0,0,0,0,0,0,0,0,0,4,0,Namibia,bowling
185,MD du Preez,2023-2023,2,0,0.0,0,0,0,0,0,0,0,0,0,2,0,Namibia,bowling
186,JN Frylinck,2023-2023,1,0,0.0,0,0,0,0,0,0,0,0,0,0,0,Namibia,bowling
187,ZE Green,2023-2023,11,0,0.0,0,0,0,0,0,0,0,0,0,14,1,Namibia,bowling
188,L Louwrens,2023-2023,6,0,0.0,0,0,0,0,0,0,0,0,0,1,0,Namibia,bowling
189,LN Rajbanshi,2023-2023,12,12,95.0,7,347,18,5/20,19.27,3.65,31.6,1,0,5,0,Nepal,bowling
190,S Lamichhane,2023-2023,21,21,195.2,9,948,43,5/25,22.04,4.85,27.2,1,0,1,0,Nepal,bowling
191,K Mahato,2023-2023,1,1,10.0,0,55,2,2/55,27.50,5.50,30.0,0,0,0,0,Nepal,bowling
192,Karan KC,2023-2023,20,20,149.4,14,853,31,5/61,27.51,5.69,28.9,1,0,4,0,Nepal,bowling
193,DS Airee,2023-2023,21,21,139.1,9,567,17,3/18,33.35,4.07,49.1,0,0,15,0,Nepal,bowling
194,K Bhurtel,2023-2023,21,3,8.0,0,36,1,1/22,36.00,4.50,48.0,0,0,12,0,Nepal,bowling
195,Gulsan Jha,2023-2023,15,15,79.3,0,491,13,3/28,37.76,6.17,36.6,0,0,5,0,Nepal,bowling
196,Kushal Malla,2023-2023,21,17,83.0,3,431,11,2/6,39.18,5.19,45.2,0,0,4,0,Nepal,bowling
197,Sompal Kami,2023-2023,17,17,121.3,17,648,15,3/26,43.20,5.33,48.6,0,0,3,0,Nepal,bowling
198,Pratis GC,2023-2023,3,3,21.0,0,90,2,1/37,45.00,4.28,63.0,0,0,1,0,Nepal,bowling
199,Aarif Sheikh,2023-2023,16,10,38.3,0,210,2,1/30,105.00,5.45,115.5,0,0,10,0,Nepal,bowling
200,RK Paudel,2023-2023,22,4,18.1,0,70,0,0,0,3.85,0,0,0,5,0,Nepal,bowling
201,Aasif Sheikh,2023-2023,20,0,0.0,0,0,0,0,0,0,0,0,0,10,1,Nepal,bowling
202,S Jora,2023-2023,4,0,0.0,0,0,0,0,0,0,0,0,0,1,0,Nepal,bowling
203,G Malla,2023-2023,11,0,0.0,0,0,0,0,0,0,0,0,0,5,0,Nepal,bowling
204,A Saud,2023-2023,2,0,0.0,0,0,0,0,0,0,0,0,0,3,0,Nepal,bowling
205,B Sharki,2023-2023,15,0,0.0,0,0,0,0,0,0,0,0,0,3,0,Nepal,bowling
206,BFW de Leede,2023-2023,16,15,125.4,1,819,31,5/52,26.41,6.51,24.3,1,0,8,0,Netherlands,bowling
207,Vikramjit Singh,2023-2023,19,12,36.0,1,221,7,2/12,31.57,6.13,30.8,0,0,5,0,Netherlands,bowling
208,Shariz Ahmad,2023-2023,10,9,52.4,2,348,11,5/43,31.63,6.60,28.7,1,0,3,0,Netherlands,bowling
209,FJ Klaassen,2023-2023,5,5,45.3,1,239,7,3/41,34.14,5.25,39.0,0,0,1,0,Netherlands,bowling
210,R Klein,2023-2023,9,9,73.2,5,349,10,2/31,34.90,4.75,44.0,0,0,2,0,Netherlands,bowling
211,LV van Beek,2023-2023,16,16,143.1,7,838,24,4/24,34.91,5.85,35.7,0,0,7,0,Netherlands,bowling
212,Saqib Zulfiqar,2023-2023,8,8,39.0,1,249,7,2/43,35.57,6.38,33.4,0,0,4,0,Netherlands,bowling
213,PA van Meekeren,2023-2023,14,14,115.2,3,710,18,4/23,39.44,6.15,38.4,0,0,5,0,Netherlands,bowling
214,A Dutt,2023-2023,20,20,171.2,11,905,19,3/31,47.63,5.28,54.1,0,0,7,0,Netherlands,bowling
215,VJ Kingma,2023-2023,2,2,20.0,0,146,3,2/80,48.66,7.30,40.0,0,0,0,0,Netherlands,bowling
216,RE van der Merwe,2023-2023,8,8,56.0,0,311,6,2/34,51.83,5.55,56.0,0,0,2,0,Netherlands,bowling
217,CN Ackermann,2023-2023,12,12,72.2,3,370,7,2/39,52.85,5.11,62.0,0,0,7,0,Netherlands,bowling
218,BD Glover,2023-2023,1,1,7.0,0,62,1,1/62,62.00,8.85,42.0,0,0,0,0,Netherlands,bowling
219,C Floyd,2023-2023,7,7,48.0,1,247,2,1/31,123.50,5.14,144.0,0,0,2,0,Netherlands,bowling
220,TLW Cooper,2023-2023,3,1,2.0,0,12,0,0,0,6.00,0,0,0,2,0,Netherlands,bowling
221,W Barresi,2023-2023,15,0,0.0,0,0,0,0,0,0,0,0,0,4,0,Netherlands,bowling
222,NRJ Croes,2023-2023,1,0,0.0,0,0,0,0,0,0,0,0,0,2,0,Netherlands,bowling
223,SA Edwards,2023-2023,22,0,0.0,0,0,0,0,0,0,0,0,0,30,5,Netherlands,bowling
224,SA Engelbrecht,2023-2023,8,0,0.0,0,0,0,0,0,0,0,0,0,6,0,Netherlands,bowling
225,Musa Ahmed,2023-2023,5,0,0.0,0,0,0,0,0,0,0,0,0,2,0,Netherlands,bowling
226,AT Nidamanuru,2023-2023,19,0,0.0,0,0,0,0,0,0,0,0,0,7,0,Netherlands,bowling
227,MP O'Dowd,2023-2023,22,0,0.0,0,0,0,0,0,0,0,0,0,1,0,Netherlands,bowling
228,AF Milne,2023-2023,4,4,33.3,1,184,9,4/34,20.44,5.49,22.3,0,0,1,0,NewZealand,bowling
229,DJ Mitchell,2023-2023,26,9,32.3,1,204,9,3/32,22.66,6.27,21.6,0,0,22,0,NewZealand,bowling
230,HB Shipley,2023-2023,8,8,64.3,4,359,15,5/31,23.93,5.56,25.8,1,0,2,0,NewZealand,bowling
231,TA Boult,2023-2023,15,14,121.1,7,662,24,5/51,27.58,5.46,30.2,1,0,6,0,NewZealand,bowling
232,MJ Henry,2023-2023,17,17,144.5,12,767,25,3/14,30.68,5.29,34.7,0,0,9,0,NewZealand,bowling
233,TG Southee,2023-2023,10,10,78.1,1,565,17,3/56,33.23,7.22,27.5,0,0,1,0,NewZealand,bowling
234,JA Duffy,2023-2023,1,1,10.0,0,100,3,3/100,33.33,10.00,20.0,0,0,0,0,NewZealand,bowling
235,CE McConchie,2023-2023,6,5,28.0,1,135,4,2/18,33.75,4.82,42.0,0,0,3,0,NewZealand,bowling
236,MJ Santner,2023-2023,17,17,153.5,4,770,20,5/59,38.50,5.00,46.1,1,0,8,0,NewZealand,bowling
237,BG Lister,2023-2023,3,3,26.0,0,158,4,3/69,39.50,6.07,39.0,0,0,0,0,NewZealand,bowling
238,IS Sodhi,2023-2023,13,11,96.0,2,550,13,6/39,42.30,5.72,44.3,1,0,1,0,NewZealand,bowling
239,GD Phillips,2023-2023,21,16,65.0,1,388,9,3/37,43.11,5.96,43.3,0,0,10,0,NewZealand,bowling
240,LH Ferguson,2023-2023,18,17,134.1,5,781,18,3/19,43.38,5.82,44.7,0,0,2,0,NewZealand,bowling
241,MG Bracewell,2023-2023,6,6,44.0,0,224,5,2/44,44.80,5.09,52.8,0,0,1,0,NewZealand,bowling
242,R Ravindra,2023-2023,22,18,132.1,1,800,17,4/60,47.05,6.05,46.6,0,0,6,0,NewZealand,bowling
243,BM Tickner,2023-2023,7,7,52.5,2,345,7,3/76,49.28,6.52,45.2,0,0,1,0,NewZealand,bowling
244,KA Jamieson,2023-2023,5,4,32.0,3,215,3,2/32,71.66,6.71,64.0,0,0,0,0,NewZealand,bowling
245,JDS Neesham,2023-2023,5,5,25.3,0,236,2,1/32,118.00,9.25,76.5,0,0,1,0,NewZealand,bowling
246,FH Allen,2023-2023,11,0,0.0,0,0,0,0,0,0,0,0,0,4,0,NewZealand,bowling
247,TA Blundell,2023-2023,7,0,0.0,0,0,0,0,0,0,0,0,0,7,2,NewZealand,bowling
248,CJ Bowes,2023-2023,6,0,0.0,0,0,0,0,0,0,0,0,0,4,0,NewZealand,bowling
249,MS Chapman,2023-2023,13,0,0.0,0,0,0,0,0,0,0,0,0,2,0,NewZealand,bowling
250,DP Conway,2023-2023,20,0,0.0,0,0,0,0,0,0,0,0,0,11,0,NewZealand,bowling
251,D Foxcroft,2023-2023,1,0,0.0,0,0,0,0,0,0,0,0,0,0,0,NewZealand,bowling
252,TWM Latham,2023-2023,27,0,0.0,0,0,0,0,0,0,0,0,0,25,4,NewZealand,bowling
253,HM Nicholls,2023-2023,14,0,0.0,0,0,0,0,0,0,0,0,0,4,0,NewZealand,bowling
254,KS Williamson,2023-2023,7,0,0.0,0,0,0,0,0,0,0,0,0,3,0,NewZealand,bowling
255,WA Young,2023-2023,20,0,0.0,0,0,0,0,0,0,0,0,0,6,0,NewZealand,bowling
256,Jatinder Singh,2023-2023,9,2,5.0,0,26,1,1/11,26.00,5.20,30.0,0,0,0,0,Oman,bowling
257,Bilal Khan,2023-2023,9,9,82.2,6,509,19,5/55,26.78,6.18,26.0,1,0,0,0,Oman,bowling
258,Jay Odedra,2023-2023,6,6,35.0,0,157,5,3/31,31.40,4.48,42.0,0,0,1,0,Oman,bowling
259,Fayyaz Butt,2023-2023,7,7,57.0,3,409,12,4/79,34.08,7.17,28.5,0,0,1,0,Oman,bowling
260,Zeeshan Maqsood,2023-2023,7,7,61.0,1,317,7,4/32,45.28,5.19,52.2,0,0,3,0,Oman,bowling
261,Ayaan Khan,2023-2023,9,9,58.0,1,349,7,2/46,49.85,6.01,49.7,0,0,3,0,Oman,bowling
262,Kaleemullah,2023-2023,5,5,46.0,4,232,3,1/28,77.33,5.04,92.0,0,0,3,0,Oman,bowling
263,Mohammad Nadeem,2023-2023,9,6,29.4,0,174,2,2/36,87.00,5.86,89.0,0,0,0,0,Oman,bowling
264,Aqib Ilyas,2023-2023,8,6,28.0,0,178,1,1/52,178.00,6.35,168.0,0,0,0,0,Oman,bowling
265,Naseem Khushi,2023-2023,5,0,0.0,0,0,0,0,0,0,0,0,0,4,1,Oman,bowling
266,KH Prajapati,2023-2023,9,0,0.0,0,0,0,0,0,0,0,0,0,8,0,Oman,bowling
267,Sandeep Goud,2023-2023,4,0,0.0,0,0,0,0,0,0,0,0,0,1,0,Oman,bowling
268,AA Shafique,2023-2023,2,0,0.0,0,0,0,0,0,0,0,0,0,2,2,Oman,bowling
269,Shoaib Khan,2023-2023,8,0,0.0,0,0,0,0,0,0,0,0,0,2,0,Oman,bowling
270,Suraj Kumar,2023-2023,2,0,0.0,0,0,0,0,0,0,0,0,0,2,0,Oman,bowling
271,Naseem Shah,2023-2023,11,11,89.5,3,432,22,5/57,19.63,4.80,24.5,1,0,1,0,Pakistan,bowling
272,Shaheen Shah Afridi,2023-2023,21,21,180.4,9,1010,42,5/54,24.04,5.59,25.8,1,0,5,0,Pakistan,bowling
273,Mohammad Wasim,2023-2023,12,12,93.4,5,513,19,3/31,27.00,5.47,29.5,0,0,3,0,Pakistan,bowling
274,Haris Rauf,2023-2023,22,22,178.5,5,1086,40,5/18,27.15,6.07,26.8,1,0,5,0,Pakistan,bowling
275,Hasan Ali,2023-2023,6,6,51.0,2,321,9,4/71,35.66,6.29,34.0,0,0,0,0,Pakistan,bowling
276,Usama Mir,2023-2023,12,12,106.0,0,634,15,4/43,42.26,5.98,42.4,0,0,7,0,Pakistan,bowling
277,Faheem Ashraf,2023-2023,3,3,25.0,1,144,3,2/43,48.00,5.76,50.0,0,0,2,0,Pakistan,bowling
278,Shadab Khan,2023-2023,17,16,129.4,3,745,15,4/27,49.66,5.74,51.8,0,0,6,0,Pakistan,bowling
279,Iftikhar Ahmed,2023-2023,18,13,72.4,0,429,8,3/50,53.62,5.90,54.5,0,0,9,0,Pakistan,bowling
280,Mohammad Nawaz,2023-2023,15,15,114.0,0,612,11,4/38,55.63,5.36,62.1,0,0,6,0,Pakistan,bowling
281,Agha Salman,2023-2023,18,13,63.0,0,369,4,2/42,92.25,5.85,94.5,0,0,12,0,Pakistan,bowling
282,Zaman Khan,2023-2023,1,1,6.0,1,39,0,0,0,6.50,0,0,0,0,0,Pakistan,bowling
283,Mohammad Hasnain,2023-2023,1,1,6.1,0,42,0,0,0,6.81,0,0,0,0,0,Pakistan,bowling
284,Ihsanullah,2023-2023,1,1,8.0,0,60,0,0,0,7.50,0,0,0,0,0,Pakistan,bowling
285,Abdullah Shafique,2023-2023,11,0,0.0,0,0,0,0,0,0,0,0,0,5,0,Pakistan,bowling
286,Babar Azam,2023-2023,25,0,0.0,0,0,0,0,0,0,0,0,0,7,0,Pakistan,bowling
287,Fakhar Zaman,2023-2023,20,0,0.0,0,0,0,0,0,0,0,0,0,13,0,Pakistan,bowling
288,Haris Sohail,2023-2023,3,0,0.0,0,0,0,0,0,0,0,0,0,0,0,Pakistan,bowling
289,Imam-ul-Haq,2023-2023,18,0,0.0,0,0,0,0,0,0,0,0,0,5,0,Pakistan,bowling
290,Kamran Ghulam,2023-2023,1,0,0.0,0,0,0,0,0,0,0,0,0,0,0,Pakistan,bowling
291,Mohammad Haris,2023-2023,2,0,0.0,0,0,0,0,0,0,0,0,0,1,0,Pakistan,bowling
292,Mohammad Rizwan,2023-2023,25,0,0.0,0,0,0,0,0,0,0,0,0,33,2,Pakistan,bowling
293,Saud Shakeel,2023-2023,10,0,0.0,0,0,0,0,0,0,0,0,0,3,0,Pakistan,bowling
294,Shan Masood,2023-2023,4,0,0.0,0,0,0,0,0,0,0,0,0,1,0,Pakistan,bowling
295,SI Kamea,2023-2023,12,11,94.1,5,453,23,5/38,19.69,4.81,24.5,2,0,2,0,PapuaNewGuinea,bowling
296,R Hekure,2023-2023,13,13,80.0,4,386,17,5/13,22.70,4.82,28.2,1,0,5,0,PapuaNewGuinea,bowling
297,J Kariko,2023-2023,3,3,21.0,0,114,5,4/45,22.80,5.42,25.2,0,0,0,0,PapuaNewGuinea,bowling
298,A Vala,2023-2023,13,12,83.0,5,349,12,3/21,29.08,4.20,41.5,0,0,8,0,PapuaNewGuinea,bowling
299,CA Soper,2023-2023,13,13,94.2,8,454,15,5/25,30.26,4.81,37.7,1,0,2,0,PapuaNewGuinea,bowling
300,KV Morea,2023-2023,6,6,35.0,2,223,5,2/26,44.60,6.37,42.0,0,0,2,0,PapuaNewGuinea,bowling
301,S Bau,2023-2023,13,5,34.2,0,199,3,2/38,66.33,5.79,68.6,0,0,5,0,PapuaNewGuinea,bowling
302,N Vanua,2023-2023,11,10,61.0,3,316,4,1/14,79.00,5.18,91.5,0,0,2,0,PapuaNewGuinea,bowling
303,A Nao,2023-2023,3,3,20.0,0,122,1,1/75,122.00,6.10,120.0,0,0,1,0,PapuaNewGuinea,bowling
304,CJA Amini,2023-2023,11,7,19.0,0,152,1,1/15,152.00,8.00,114.0,0,0,5,0,PapuaNewGuinea,bowling
305,K Doriga,2023-2023,13,0,0.0,0,0,0,0,0,0,0,0,0,3,2,PapuaNewGuinea,bowling
306,H Hiri,2023-2023,10,0,0.0,0,0,0,0,0,0,0,0,0,1,0,PapuaNewGuinea,bowling
307,G Toka,2023-2023,6,0,0.0,0,0,0,0,0,0,0,0,0,1,0,PapuaNewGuinea,bowling
308,TP Ura,2023-2023,10,0,0.0,0,0,0,0,0,0,0,0,0,5,0,PapuaNewGuinea,bowling
309,HGV Vare,2023-2023,6,0,0.0,0,0,0,0,0,0,0,0,0,7,0,PapuaNewGuinea,bowling
310,MRJ Watt,2023-2023,11,11,100.4,7,441,23,4/41,19.17,4.38,26.2,0,0,4,0,Scotland,bowling
311,CN Greaves,2023-2023,11,11,62.2,1,354,17,5/53,20.82,5.67,22.0,1,0,2,0,Scotland,bowling
312,MA Leask,2023-2023,11,10,64.2,2,310,14,4/24,22.14,4.81,27.5,0,0,6,0,Scotland,bowling
313,B McMullen,2023-2023,11,11,81.0,1,366,16,5/34,22.87,4.51,30.3,1,0,8,0,Scotland,bowling
314,CB Sole,2023-2023,8,8,68.5,5,347,14,3/33,24.78,5.04,29.5,0,0,4,0,Scotland,bowling
315,SM Sharif,2023-2023,9,9,65.5,4,320,10,4/20,32.00,4.86,39.5,0,0,2,0,Scotland,bowling
316,AC Evans,2023-2023,1,1,7.0,0,35,1,1/35,35.00,5.00,42.0,0,0,0,0,Scotland,bowling
317,A Neill,2023-2023,1,1,7.0,1,46,1,1/46,46.00,6.57,42.0,0,0,0,0,Scotland,bowling
318,CM McBride,2023-2023,11,3,10.0,0,54,1,1/24,54.00,5.40,60.0,0,0,4,0,Scotland,bowling
319,Hamza Tahir,2023-2023,2,2,4.0,0,26,0,0,0,6.50,0,0,0,1,0,Scotland,bowling
320,J Jarvis,2023-2023,3,3,10.0,0,71,0,0,0,7.10,0,0,0,2,0,Scotland,bowling
321,RD Berrington,2023-2023,11,1,1.0,0,9,0,0,0,9.00,0,0,0,4,0,Scotland,bowling
322,KJ Coetzer,2023-2023,3,0,0.0,0,0,0,0,0,0,0,0,0,2,0,Scotland,bowling
323,MH Cross,2023-2023,11,0,0.0,0,0,0,0,0,0,0,0,0,9,0,Scotland,bowling
324,TSS Mackintosh,2023-2023,10,0,0.0,0,0,0,0,0,0,0,0,0,2,0,Scotland,bowling
325,HG Munsey,2023-2023,6,0,0.0,0,0,0,0,0,0,0,0,0,4,0,Scotland,bowling
326,LR Naylor,2023-2023,1,0,0.0,0,0,0,0,0,0,0,0,0,0,0,Scotland,bowling
327,SSB Magala,2023-2023,5,5,39.0,4,248,13,5/43,19.07,6.35,18.0,1,0,0,0,SouthAfrica,bowling
328,KA Maharaj,2023-2023,15,15,130.1,6,556,24,4/33,23.16,4.27,32.5,0,0,5,0,SouthAfrica,bowling
329,G Coetzee,2023-2023,14,14,111.0,1,720,31,4/44,23.22,6.48,21.4,0,0,4,0,SouthAfrica,bowling
330,T Shamsi,2023-2023,11,11,92.2,1,543,22,4/60,24.68,5.88,25.1,0,0,1,0,SouthAfrica,bowling
331,BC Fortuin,2023-2023,2,2,18.0,0,103,4,2/46,25.75,5.72,27.0,0,0,0,0,SouthAfrica,bowling
332,K Rabada,2023-2023,14,14,116.4,10,611,22,3/33,27.77,5.23,31.8,0,0,8,0,SouthAfrica,bowling
333,LB Williams,2023-2023,1,1,8.4,1,56,2,2/56,28.00,6.46,26.0,0,0,0,0,SouthAfrica,bowling
334,A Nortje,2023-2023,5,5,37.0,1,234,8,4/62,29.25,6.32,27.7,0,0,0,0,SouthAfrica,bowling
335,M Jansen,2023-2023,20,20,155.1,7,989,33,5/39,29.96,6.37,28.2,1,0,6,0,SouthAfrica,bowling
336,L Ngidi,2023-2023,16,16,124.3,7,753,22,4/51,34.22,6.04,33.9,0,0,6,0,SouthAfrica,bowling
337,AL Phehlukwayo,2023-2023,3,3,20.0,0,130,3,1/36,43.33,6.50,40.0,0,0,1,0,SouthAfrica,bowling
338,AK Markram,2023-2023,21,13,63.5,1,384,6,2/40,64.00,6.01,63.8,0,0,8,0,SouthAfrica,bowling
339,WD Parnell,2023-2023,4,4,32.2,2,179,2,1/30,89.50,5.53,97.0,0,0,1,0,SouthAfrica,bowling
340,T Bavuma,2023-2023,18,0,0.0,0,0,0,0,0,0,0,0,0,7,0,SouthAfrica,bowling
341,Q de Kock,2023-2023,20,0,0.0,0,0,0,0,0,0,0,0,0,32,5,SouthAfrica,bowling
342,T de Zorzi,2023-2023,2,0,0.0,0,0,0,0,0,0,0,0,0,0,0,SouthAfrica,bowling
343,RR Hendricks,2023-2023,5,0,0.0,0,0,0,0,0,0,0,0,0,2,0,SouthAfrica,bowling
344,H Klaasen,2023-2023,21,0,0.0,0,0,0,0,0,0,0,0,0,17,0,SouthAfrica,bowling
345,DA Miller,2023-2023,21,0,0.0,0,0,0,0,0,0,0,0,0,13,0,SouthAfrica,bowling
346,RD Rickelton,2023-2023,2,0,0.0,0,0,0,0,0,0,0,0,0,2,2,SouthAfrica,bowling
347,T Stubbs,2023-2023,1,0,0.0,0,0,0,0,0,0,0,0,0,0,0,SouthAfrica,bowling
348,HE van der Dussen,2023-2023,21,0,0.0,0,0,0,0,0,0,0,0,0,10,0,SouthAfrica,bowling
349,KIC Asalanka,2023-2023,31,3,10.1,1,29,4,4/18,7.25,2.85,15.2,0,0,8,0,SriLanka,bowling
350,AD Mathews,2023-2023,8,5,22.1,2,107,6,2/14,17.83,4.82,22.1,0,0,0,0,SriLanka,bowling
351,SSD Arachchige,2023-2023,2,1,5.0,0,18,1,1/18,18.00,3.60,30.0,0,0,0,0,SriLanka,bowling
352,PWH de Silva,2023-2023,14,14,112.4,7,571,28,6/24,20.39,5.06,24.1,3,0,5,0,SriLanka,bowling
353,CBRLS Kumara,2023-2023,13,13,83.3,4,496,21,3/22,23.61,5.94,23.8,0,0,3,0,SriLanka,bowling
354,D Madushanka,2023-2023,15,15,122.2,5,746,31,5/80,24.06,6.09,23.6,1,0,3,0,SriLanka,bowling
355,M Theekshana,2023-2023,23,23,191.3,6,923,37,4/25,24.94,4.81,31.0,0,0,3,0,SriLanka,bowling
356,PVD Chameera,2023-2023,6,6,47.2,3,277,8,4/63,34.62,5.85,35.5,0,0,0,0,SriLanka,bowling
357,MD Shanaka,2023-2023,24,21,85.0,3,459,13,3/28,35.30,5.40,39.2,0,0,9,0,SriLanka,bowling
358,M Pathirana,2023-2023,12,12,84.4,2,616,17,4/32,36.23,7.27,29.8,0,0,2,0,SriLanka,bowling
359,CAK Rajitha,2023-2023,21,21,159.3,3,974,26,4/50,37.46,6.10,36.8,0,0,4,0,SriLanka,bowling
360,DN Wellalage,2023-2023,12,11,81.2,2,452,12,5/40,37.66,5.55,40.6,1,0,3,0,SriLanka,bowling
361,C Karunaratne,2023-2023,8,7,49.5,1,305,8,4/43,38.12,6.12,37.3,0,0,3,0,SriLanka,bowling
362,Pramod Madushan,2023-2023,2,2,9.0,1,79,2,2/58,39.50,8.77,27.0,0,0,1,0,SriLanka,bowling
363,DM de Silva,2023-2023,27,22,104.4,0,538,9,3/39,59.77,5.14,69.7,0,0,10,0,SriLanka,bowling
364,MADI Hemantha,2023-2023,5,4,35.0,0,193,2,2/49,96.50,5.51,105.0,0,0,1,0,SriLanka,bowling
365,JDF Vandersay,2023-2023,1,1,7.0,0,59,0,0,0,8.42,0,0,0,0,0,SriLanka,bowling
366,MNK Fernando,2023-2023,4,1,2.0,0,22,0,0,0,11.00,0,0,0,0,0,SriLanka,bowling
367,KNA Bandara,2023-2023,1,0,0.0,0,0,0,0,0,0,0,0,0,0,0,SriLanka,bowling
368,WIA Fernando,2023-2023,3,0,0.0,0,0,0,0,0,0,0,0,0,5,0,SriLanka,bowling
369,FDM Karunaratne,2023-2023,16,0,0.0,0,0,0,0,0,0,0,0,0,6,0,SriLanka,bowling
370,BKG Mendis,2023-2023,31,0,0.0,0,0,0,0,0,0,0,0,0,33,2,SriLanka,bowling
371,P Nissanka,2023-2023,29,0,0.0,0,0,0,0,0,0,0,0,0,8,0,SriLanka,bowling
372,MDKJ Perera,2023-2023,9,0,0.0,0,0,0,0,0,0,0,0,0,3,0,SriLanka,bowling
373,S Samarawickrama,2023-2023,25,0,0.0,0,0,0,0,0,0,0,0,0,5,0,SriLanka,bowling
374,Ali Khan,2023-2023,8,8,59.2,4,302,19,7/32,15.89,5.08,18.7,1,0,1,0,USA,bowling
375,G Singh,2023-2023,11,4,16.5,1,90,5,4/15,18.00,5.34,20.2,0,0,6,0,USA,bowling
376,AA Paradkar,2023-2023,2,2,12.0,0,106,4,3/78,26.50,8.83,18.0,0,0,0,0,USA,bowling
377,NK Patel,2023-2023,10,10,78.2,2,366,13,3/29,28.15,4.67,36.1,0,0,3,0,USA,bowling
378,SN Netravalkar,2023-2023,10,10,90.0,13,329,10,3/53,32.90,3.65,54.0,0,0,2,0,USA,bowling
379,K Phillip,2023-2023,2,2,16.3,1,105,3,3/56,35.00,6.36,33.0,0,0,0,0,USA,bowling
380,SR Taylor,2023-2023,8,5,32.0,1,195,4,3/53,48.75,6.09,48.0,0,0,1,0,USA,bowling
381,Jasdeep Singh,2023-2023,10,10,91.4,2,536,10,2/33,53.60,5.84,55.0,0,0,1,0,USA,bowling
382,NP Kenjige,2023-2023,11,10,88.0,3,431,8,2/41,53.87,4.89,66.0,0,0,6,0,USA,bowling
383,Aaron Jones,2023-2023,10,2,4.0,0,26,0,0,0,6.50,0,0,0,3,0,USA,bowling
384,Usman Rafiq,2023-2023,2,2,5.2,0,47,0,0,0,8.81,0,0,0,0,0,USA,bowling
385,SJ Modani,2023-2023,11,0,0.0,0,0,0,0,0,0,0,0,0,2,0,USA,bowling
386,SR Mukkamalla,2023-2023,9,0,0.0,0,0,0,0,0,0,0,0,0,1,0,USA,bowling
387,MD Patel,2023-2023,9,0,0.0,0,0,0,0,0,0,0,0,0,8,1,USA,bowling
388,Shayan Jahangir,2023-2023,8,0,0.0,0,0,0,0,0,0,0,0,0,9,0,USA,bowling
389,Sabir Ali,2023-2023,2,2,3.0,0,18,1,1/10,18.00,6.00,18.0,0,0,0,0,UnitedArabEmirates,bowling
390,Hazrat Bilal,2023-2023,4,4,26.0,2,128,5,4/47,25.60,4.92,31.2,0,0,0,0,UnitedArabEmirates,bowling
391,SM Sharma,2023-2023,8,8,48.0,3,274,10,3/37,27.40,5.70,28.8,0,0,4,0,UnitedArabEmirates,bowling
392,Zahoor Khan,2023-2023,22,22,165.3,9,828,29,3/19,28.55,5.00,34.2,0,0,5,0,UnitedArabEmirates,bowling
393,Junaid Siddique,2023-2023,23,22,168.4,13,870,30,3/49,29.00,5.15,33.7,0,0,2,0,UnitedArabEmirates,bowling
394,KP Meiyappan,2023-2023,23,23,133.2,5,798,27,4/45,29.55,5.98,29.6,0,0,8,0,UnitedArabEmirates,bowling
395,Aayan Afzal Khan,2023-2023,22,22,196.2,10,801,27,3/21,29.66,4.07,43.6,0,0,1,0,UnitedArabEmirates,bowling
396,Rohan Mustafa,2023-2023,24,24,177.2,11,779,25,3/31,31.16,4.39,42.5,0,0,10,0,UnitedArabEmirates,bowling
397,Zawar Farid,2023-2023,3,3,13.0,0,97,3,2/9,32.33,7.46,26.0,0,0,1,0,UnitedArabEmirates,bowling
398,Matiullah Khan,2023-2023,1,1,5.0,0,37,1,1/37,37.00,7.40,30.0,0,0,0,0,UnitedArabEmirates,bowling
399,Basil Hameed,2023-2023,9,6,20.0,2,112,3,2/20,37.33,5.60,40.0,0,0,3,0,UnitedArabEmirates,bowling
400,Ali Naseer,2023-2023,9,9,70.2,2,396,10,2/37,39.60,5.63,42.2,0,0,0,0,UnitedArabEmirates,bowling
401,Muhammad Jawadullah,2023-2023,5,5,37.1,0,239,6,3/46,39.83,6.43,37.1,0,0,1,0,UnitedArabEmirates,bowling
402,Aryan Lakra,2023-2023,14,10,47.0,4,245,6,3/38,40.83,5.21,47.0,0,0,7,0,UnitedArabEmirates,bowling
403,RN Bhatia,2023-2023,1,1,7.0,0,43,1,1/43,43.00,6.14,42.0,0,0,0,0,UnitedArabEmirates,bowling
404,Adhitya Shetty,2023-2023,1,1,10.0,1,56,1,1/56,56.00,5.60,60.0,0,0,1,0,UnitedArabEmirates,bowling
405,Rameez Shahzad,2023-2023,11,1,3.0,0,17,0,0,0,5.66,0,0,0,0,0,UnitedArabEmirates,bowling
406,Muhammad Waseem,2023-2023,24,2,3.0,0,33,0,0,0,11.00,0,0,0,11,0,UnitedArabEmirates,bowling
407,Ansh Tandon,2023-2023,1,0,0.0,0,0,0,0,0,0,0,0,0,0,0,UnitedArabEmirates,bowling
408,V Aravind,2023-2023,26,0,0.0,0,0,0,0,0,0,0,0,0,8,5,UnitedArabEmirates,bowling
409,Asif Khan,2023-2023,24,0,0.0,0,0,0,0,0,0,0,0,0,6,0,UnitedArabEmirates,bowling
410,Chirag Suri,2023-2023,2,0,0.0,0,0,0,0,0,0,0,0,0,0,0,UnitedArabEmirates,bowling
411,EC D'Souza,2023-2023,3,0,0.0,0,0,0,0,0,0,0,0,0,2,0,UnitedArabEmirates,bowling
412,Lovepreet Singh,2023-2023,2,0,0.0,0,0,0,0,0,0,0,0,0,2,0,UnitedArabEmirates,bowling
413,CP Rizwan,2023-2023,9,0,0.0,0,0,0,0,0,0,0,0,0,2,0,UnitedArabEmirates,bowling
414,A Sharafu,2023-2023,4,0,0.0,0,0,0,0,0,0,0,0,0,1,0,UnitedArabEmirates,bowling
415,A Sharma,2023-2023,7,0,0.0,0,0,0,0,0,0,0,0,0,9,0,UnitedArabEmirates,bowling
416,AC Valthapa,2023-2023,3,0,0.0,0,0,0,0,0,0,0,0,0,3,1,UnitedArabEmirates,bowling
417,RA Reifer,2023-2023,1,1,3.0,0,16,1,1/16,16.00,5.33,18.0,0,0,0,0,WestIndies,bowling
418,G Motie,2023-2023,3,3,26.4,1,100,6,3/36,16.66,3.75,26.6,0,0,0,0,WestIndies,bowling
419,K Sinclair,2023-2023,4,4,35.1,0,159,6,4/24,26.50,4.52,35.1,0,0,4,0,WestIndies,bowling
420,AS Joseph,2023-2023,9,9,80.4,3,472,17,3/50,27.76,5.85,28.4,0,0,5,0,WestIndies,bowling
421,KMA Paul,2023-2023,7,7,46.1,1,261,9,3/34,29.00,5.65,30.7,0,0,4,0,WestIndies,bowling
422,R Shepherd,2023-2023,7,7,46.5,2,264,9,3/37,29.33,5.63,31.2,0,0,0,0,WestIndies,bowling
423,AJ Hosein,2023-2023,9,9,85.0,4,441,13,3/59,33.92,5.18,39.2,0,0,2,0,WestIndies,bowling
424,Y Cariah,2023-2023,8,8,51.3,1,312,9,2/26,34.66,6.05,34.3,0,0,3,0,WestIndies,bowling
425,OF Smith,2023-2023,4,4,23.0,0,139,4,2/40,34.75,6.04,34.5,0,0,0,0,WestIndies,bowling
426,DC Drakes,2023-2023,3,3,19.0,2,73,2,2/29,36.50,3.84,57.0,0,0,1,0,WestIndies,bowling
427,KR Mayers,2023-2023,11,11,55.4,1,293,8,2/30,36.62,5.26,41.7,0,0,4,0,WestIndies,bowling
428,RL Chase,2023-2023,9,9,74.0,3,372,8,3/77,46.50,5.02,55.5,0,0,5,0,WestIndies,bowling
429,KAR Hodge,2023-2023,3,3,16.0,0,103,2,2/46,51.50,6.43,48.0,0,0,0,0,WestIndies,bowling
430,JO Holder,2023-2023,7,7,59.5,7,323,6,3/34,53.83,5.39,59.8,0,0,4,0,WestIndies,bowling
431,Akeem Jordan,2023-2023,2,2,11.0,2,56,1,1/36,56.00,5.09,66.0,0,0,2,0,WestIndies,bowling
432,JNT Seales,2023-2023,3,3,18.0,0,124,2,1/21,62.00,6.88,54.0,0,0,0,0,WestIndies,bowling
433,KU Carty,2023-2023,7,1,3.0,0,18,0,0,0,6.00,0,0,0,2,0,WestIndies,bowling
434,A Athanaze,2023-2023,4,1,1.0,0,7,0,0,0,7.00,0,0,0,3,0,WestIndies,bowling
435,SSJ Brooks,2023-2023,8,0,0.0,0,0,0,0,0,0,0,0,0,3,0,WestIndies,bowling
436,J Charles,2023-2023,10,0,0.0,0,0,0,0,0,0,0,0,0,4,1,WestIndies,bowling
437,SO Hetmyer,2023-2023,3,0,0.0,0,0,0,0,0,0,0,0,0,2,0,WestIndies,bowling
438,SD Hope,2023-2023,14,0,0.0,0,0,0,0,0,0,0,0,0,14,2,WestIndies,bowling
439,BA King,2023-2023,14,0,0.0,0,0,0,0,0,0,0,0,0,7,0,WestIndies,bowling
440,N Pooran,2023-2023,9,0,0.0,0,0,0,0,0,0,0,0,0,2,0,WestIndies,bowling
441,R Powell,2023-2023,6,0,0.0,0,0,0,0,0,0,0,0,0,2,0,WestIndies,bowling
