,Player,Span,Mat,Inns,Balls,Mdns,Runs,Wkts,BBI,Ave,Econ,SR,5,10,Ct,St
0,NP Kenjige,2023-2023,11,10,528,3,431,8,2/41,53.87,4.89,66.0,-,-,6,-
1,Aarif Sheikh,2023-2023,16,10,231,-,210,2,1/30,105.00,5.45,115.5,-,-,10,-
2,Aaron Jones,2023-2023,10,2,24,-,26,-,-,-,6.50,-,-,-,3,-
3,Aasif Sheikh,2023-2023,20,-,0,-,-,-,-,-,-,-,-,-,10,1
4,Aayan Afzal Khan,2023-2023,22,22,1178,10,801,27,3/21,29.66,4.07,43.6,-,-,1,-
5,SA Abbott,2023-2023,10,10,507,2,487,13,3/23,37.46,5.76,39.0,-,-,5,-
6,Abdullah Shafique,2023-2023,11,-,0,-,-,-,-,-,-,-,-,-,5,-
7,Abdul Rahman,2023-2023,3,3,104,-,133,1,1/83,133.00,7.67,104.0,-,-,-,-
8,CN Ackermann,2023-2023,12,12,434,3,370,7,2/39,52.85,5.11,62.0,-,-,7,-
9,MR Adair,2023-2023,17,17,821,7,773,28,4/40,27.60,5.64,29.3,-,-,9,-
10,Adhitya Shetty,2023-2023,1,1,60,1,56,1,1/56,56.00,5.60,60.0,-,-,1,-
11,Afif Hossain,2023-2023,8,1,6,-,6,-,-,-,6.00,-,-,-,3,-
12,AC Agar,2023-2023,2,2,114,-,81,3,2/41,27.00,4.26,38.0,-,-,-,-
13,Agha Salman,2023-2023,18,13,378,-,369,4,2/42,92.25,5.85,94.5,-,-,12,-
14,Rehan Ahmed,2023-2023,3,2,120,-,116,5,4/54,23.20,5.80,24.0,-,-,1,-
15,DS Airee,2023-2023,21,21,835,9,567,17,3/18,33.35,4.07,49.1,-,-,15,-
16,Akeem Jordan,2023-2023,2,2,66,2,56,1,1/36,56.00,5.09,66.0,-,-,2,-
17,MM Ali,2023-2023,15,15,618,2,593,16,4/50,37.06,5.75,38.6,-,-,11,-
18,Ali Khan,2023-2023,8,8,356,4,302,19,7/32,15.89,5.08,18.7,1,-,1,-
19,Ali Naseer,2023-2023,9,9,422,2,396,10,2/37,39.60,5.63,42.2,-,-,-,-
20,FH Allen,2023-2023,11,-,0,-,-,-,-,-,-,-,-,-,4,-
21,CJA Amini,2023-2023,11,7,114,-,152,1,1/15,152.00,8.00,114.0,-,-,5,-
22,Anamul Haque,2023-2023,1,-,0,-,-,-,-,-,-,-,-,-,1,-
23,Ansh Tandon,2023-2023,1,-,0,-,-,-,-,-,-,-,-,-,-,-
24,Aqib Ilyas,2023-2023,8,6,168,-,178,1,1/52,178.00,6.35,168.0,-,-,-,-
25,SSD Arachchige,2023-2023,2,1,30,-,18,1,1/18,18.00,3.60,30.0,-,-,-,-
26,V Aravind,2023-2023,26,-,0,-,-,-,-,-,-,-,-,-,8,5
27,JC Archer,2023-2023,4,4,228,2,193,12,6/40,16.08,5.07,19.0,1,-,1,-
28,Aryan Lakra,2023-2023,14,10,282,4,245,6,3/38,40.83,5.21,47.0,-,-,7,-
29,KIC Asalanka,2023-2023,31,3,61,1,29,4,4/18,7.25,2.85,15.2,-,-,8,-
30,R Ashwin,2023-2023,3,3,162,1,122,5,3/41,24.40,4.51,32.4,-,-,1,-
31,Asif Khan,2023-2023,24,-,0,-,-,-,-,-,-,-,-,-,6,-
32,A Athanaze,2023-2023,4,1,6,-,7,-,-,-,7.00,-,-,-,3,-
33,AAP Atkinson,2023-2023,6,6,246,-,240,5,2/45,48.00,5.85,49.2,-,-,-,-
34,Ayaan Khan,2023-2023,9,9,348,1,349,7,2/46,49.85,6.01,49.7,-,-,3,-
35,Azmatullah Omarzai,2023-2023,15,15,412,2,445,9,2/52,49.44,6.48,45.7,-,-,1,-
36,Babar Azam,2023-2023,25,-,0,-,-,-,-,-,-,-,-,-,7,-
37,JM Bairstow,2023-2023,12,-,0,-,-,-,-,-,-,-,-,-,7,-
38,A Balbirnie,2023-2023,15,-,0,-,-,-,-,-,-,-,-,-,6,-
39,GS Ballance,2023-2023,5,-,0,-,-,-,-,-,-,-,-,-,5,-
40,KNA Bandara,2023-2023,1,-,0,-,-,-,-,-,-,-,-,-,-,-
41,W Barresi,2023-2023,15,-,0,-,-,-,-,-,-,-,-,-,4,-
42,Basil Hameed,2023-2023,9,6,120,2,112,3,2/20,37.33,5.60,40.0,-,-,3,-
43,S Bau,2023-2023,13,5,206,-,199,3,2/38,66.33,5.79,68.6,-,-,5,-
44,T Bavuma,2023-2023,18,-,0,-,-,-,-,-,-,-,-,-,7,-
45,RD Berrington,2023-2023,11,1,6,-,9,-,-,-,9.00,-,-,-,4,-
46,RN Bhatia,2023-2023,1,1,42,-,43,1,1/43,43.00,6.14,42.0,-,-,-,-
47,K Bhurtel,2023-2023,21,3,48,-,36,1,1/22,36.00,4.50,48.0,-,-,12,-
48,Bilal Khan,2023-2023,9,9,494,6,509,19,5/55,26.78,6.18,26.0,1,-,-,-
49,K Birkenstock,2023-2023,8,7,198,-,214,2,1/34,107.00,6.48,99.0,-,-,3,-
50,D Birrell,2023-2023,1,1,60,-,54,1,1/54,54.00,5.40,60.0,-,-,-,-
51,DG Blampied,2023-2023,3,3,78,1,77,-,-,-,5.92,-,-,-,-,-
52,TA Blundell,2023-2023,7,-,0,-,-,-,-,-,-,-,-,-,7,2
53,TA Boult,2023-2023,15,14,727,7,662,24,5/51,27.58,5.46,30.2,1,-,6,-
54,CJ Bowes,2023-2023,6,-,0,-,-,-,-,-,-,-,-,-,4,-
55,MG Bracewell,2023-2023,6,6,264,-,224,5,2/44,44.80,5.09,52.8,-,-,1,-
56,HC Brook,2023-2023,12,-,0,-,-,-,-,-,-,-,-,-,1,-
57,SSJ Brooks,2023-2023,8,-,0,-,-,-,-,-,-,-,-,-,3,-
58,JJ Bumrah,2023-2023,17,16,773,14,568,28,4/39,20.28,4.40,27.6,-,-,1,-
59,RP Burl,2023-2023,13,8,217,-,224,2,1/18,112.00,6.19,108.5,-,-,7,-
60,JC Buttler,2023-2023,19,-,0,-,-,-,-,-,-,-,-,-,29,3
61,C Campher,2023-2023,16,15,427,1,456,9,2/14,50.66,6.40,47.4,-,-,6,-
62,AT Carey,2023-2023,10,-,0,-,-,-,-,-,-,-,-,-,11,-
63,Y Cariah,2023-2023,8,8,309,1,312,9,2/26,34.66,6.05,34.3,-,-,3,-
64,HL Carlyon,2023-2023,5,4,180,2,141,2,2/38,70.50,4.70,90.0,-,-,-,-
65,BA Carse,2023-2023,3,2,90,-,93,2,1/40,46.50,6.20,45.0,-,-,1,-
66,KU Carty,2023-2023,7,1,18,-,18,-,-,-,6.00,-,-,-,2,-
67,YS Chahal,2023-2023,2,2,104,-,101,3,2/43,33.66,5.82,34.6,-,-,-,-
68,PVD Chameera,2023-2023,6,6,284,3,277,8,4/63,34.62,5.85,35.5,-,-,-,-
69,MS Chapman,2023-2023,13,-,0,-,-,-,-,-,-,-,-,-,2,-
70,J Charles,2023-2023,10,-,0,-,-,-,-,-,-,-,-,-,4,1
71,RL Chase,2023-2023,9,9,444,3,372,8,3/77,46.50,5.02,55.5,-,-,5,-
72,TL Chatara,2023-2023,8,8,358,2,418,13,3/51,32.15,7.00,27.5,-,-,1,-
73,CJ Chibhabha,2023-2023,2,-,0,-,-,-,-,-,-,-,-,-,1,-
74,Chirag Suri,2023-2023,2,-,0,-,-,-,-,-,-,-,-,-,-,-
75,G Coetzee,2023-2023,14,14,666,1,720,31,4/44,23.22,6.48,21.4,-,-,4,-
76,KJ Coetzer,2023-2023,3,-,0,-,-,-,-,-,-,-,-,-,2,-
77,M Commins,2023-2023,2,-,0,-,-,-,-,-,-,-,-,-,1,-
78,DP Conway,2023-2023,20,-,0,-,-,-,-,-,-,-,-,-,11,-
79,TLW Cooper,2023-2023,3,1,12,-,12,-,-,-,6.00,-,-,-,2,-
80,Z Crawley,2023-2023,2,-,0,-,-,-,-,-,-,-,-,-,-,-
81,NRJ Croes,2023-2023,1,-,0,-,-,-,-,-,-,-,-,-,2,-
82,MH Cross,2023-2023,11,-,0,-,-,-,-,-,-,-,-,-,9,-
83,PJ Cummins,2023-2023,13,13,645,1,618,17,3/51,36.35,5.74,37.9,-,-,5,-
84,SM Curran,2023-2023,11,11,428,5,449,14,4/29,32.07,6.29,30.5,-,-,5,-
85,EC D'Souza,2023-2023,3,-,0,-,-,-,-,-,-,-,-,-,2,-
86,TH David,2023-2023,4,1,12,-,20,1,1/20,20.00,10.00,12.0,-,-,-,-
87,N Davin,2023-2023,5,-,0,-,-,-,-,-,-,-,-,-,4,-
88,Q de Kock,2023-2023,20,-,0,-,-,-,-,-,-,-,-,-,32,5
89,GJ Delany,2023-2023,8,5,216,-,212,3,2/52,70.66,5.88,72.0,-,-,5,-
90,BFW de Leede,2023-2023,16,15,754,1,819,31,5/52,26.41,6.51,24.3,1,-,8,-
91,DM de Silva,2023-2023,27,22,628,-,538,9,3/39,59.77,5.14,69.7,-,-,10,-
92,PWH de Silva,2023-2023,14,14,676,7,571,28,6/24,20.39,5.06,24.1,3,-,5,-
93,T de Zorzi,2023-2023,2,-,0,-,-,-,-,-,-,-,-,-,-,-
94,GH Dockrell,2023-2023,17,12,390,-,367,13,3/43,28.23,5.64,30.0,-,-,3,-
95,ST Doheny,2023-2023,9,-,0,-,-,-,-,-,-,-,-,-,3,-
96,K Doriga,2023-2023,13,-,0,-,-,-,-,-,-,-,-,-,3,2
97,DC Drakes,2023-2023,3,3,114,2,73,2,2/29,36.50,3.84,57.0,-,-,1,-
98,BM Duckett,2023-2023,5,-,0,-,-,-,-,-,-,-,-,-,5,-
99,JA Duffy,2023-2023,1,1,60,-,100,3,3/100,33.33,10.00,20.0,-,-,-,-
100,JSE Dunford,2023-2023,5,-,0,-,-,-,-,-,-,-,-,-,2,-
101,MD du Preez,2023-2023,2,-,0,-,-,-,-,-,-,-,-,-,2,-
102,A Dutt,2023-2023,20,20,1028,11,905,19,3/31,47.63,5.28,54.1,-,-,7,-
103,N Dutta,2023-2023,5,4,198,1,135,4,2/30,33.75,4.09,49.5,-,-,1,-
104,Ebadot Hossain,2023-2023,8,7,328,3,294,11,4/42,26.72,5.37,29.8,-,-,-,-
105,SA Edwards,2023-2023,22,-,0,-,-,-,-,-,-,-,-,-,30,5
106,NT Ellis,2023-2023,5,5,246,1,242,7,2/13,34.57,5.90,35.1,-,-,2,-
107,SA Engelbrecht,2023-2023,8,-,0,-,-,-,-,-,-,-,-,-,6,-
108,MG Erasmus,2023-2023,11,7,227,1,190,8,2/23,23.75,5.02,28.3,-,-,7,-
109,CR Ervine,2023-2023,11,-,0,-,-,-,-,-,-,-,-,-,3,-
110,AC Evans,2023-2023,1,1,42,-,35,1,1/35,35.00,5.00,42.0,-,-,-,-
111,B Evans,2023-2023,7,6,227,3,204,4,2/66,51.00,5.39,56.7,-,-,3,-
112,Faheem Ashraf,2023-2023,3,3,150,1,144,3,2/43,48.00,5.76,50.0,-,-,2,-
113,Fakhar Zaman,2023-2023,20,-,0,-,-,-,-,-,-,-,-,-,13,-
114,Fareed Ahmad,2023-2023,4,4,168,-,182,6,2/43,30.33,6.50,28.0,-,-,-,-
115,Fayyaz Butt,2023-2023,7,7,342,3,409,12,4/79,34.08,7.17,28.5,-,-,1,-
116,Fazalhaq Farooqi,2023-2023,17,17,713,7,705,21,4/34,33.57,5.93,33.9,-,-,1,-
117,LH Ferguson,2023-2023,18,17,805,5,781,18,3/19,43.38,5.82,44.7,-,-,2,-
118,MNK Fernando,2023-2023,4,1,12,-,22,-,-,-,11.00,-,-,-,-,-
119,WIA Fernando,2023-2023,3,-,0,-,-,-,-,-,-,-,-,-,5,-
120,C Floyd,2023-2023,7,7,288,1,247,2,1/31,123.50,5.14,144.0,-,-,2,-
121,BC Fortuin,2023-2023,2,2,108,-,103,4,2/46,25.75,5.72,27.0,-,-,-,-
122,S Fouche,2023-2023,7,5,156,1,130,6,3/46,21.66,5.00,26.0,-,-,3,-
123,D Foxcroft,2023-2023,1,-,0,-,-,-,-,-,-,-,-,-,-,-
124,JN Frylinck,2023-2023,1,-,0,-,-,-,-,-,-,-,-,-,-,-
125,RD Gaikwad,2023-2023,3,-,0,-,-,-,-,-,-,-,-,-,-,-
126,BD Glover,2023-2023,1,1,42,-,62,1,1/62,62.00,8.85,42.0,-,-,-,-
127,JOA Gordon,2023-2023,5,5,248,1,202,12,6/43,16.83,4.88,20.6,1,-,1,-
128,CN Greaves,2023-2023,11,11,374,1,354,17,5/53,20.82,5.67,22.0,1,-,2,-
129,C Green,2023-2023,10,8,304,-,334,5,2/103,66.80,6.59,60.8,-,-,5,-
130,ZE Green,2023-2023,11,-,0,-,-,-,-,-,-,-,-,-,14,1
131,NA Greenwood,2023-2023,5,-,0,-,-,-,-,-,-,-,-,-,4,-
132,Gulbadin Naib,2023-2023,4,4,174,1,173,8,4/60,21.62,5.96,21.7,-,-,-,-
133,Gulsan Jha,2023-2023,15,15,477,-,491,13,3/28,37.76,6.17,36.6,-,-,5,-
134,J Gumbie,2023-2023,7,-,0,-,-,-,-,-,-,-,-,-,5,-
135,SR Hain,2023-2023,2,-,0,-,-,-,-,-,-,-,-,-,-,-
136,Hamza Tahir,2023-2023,2,2,24,-,26,-,-,-,6.50,-,-,-,1,-
137,AM Hardie,2023-2023,1,1,60,-,62,2,2/62,31.00,6.20,30.0,-,-,-,-
138,Haris Rauf,2023-2023,22,22,1073,5,1086,40,5/18,27.15,6.07,26.8,1,-,5,-
139,Haris Sohail,2023-2023,3,-,0,-,-,-,-,-,-,-,-,-,-,-
140,TW Hartley,2023-2023,2,1,60,-,48,-,-,-,4.80,-,-,-,-,-
141,Hasan Ali,2023-2023,6,6,306,2,321,9,4/71,35.66,6.29,34.0,-,-,-,-
142,Hasan Mahmud,2023-2023,14,13,619,4,622,20,5/32,31.10,6.02,30.9,1,-,1,-
143,Hashmatullah Shahidi,2023-2023,20,-,0,-,-,-,-,-,-,-,-,-,4,-
144,AW Hawkins-Kay,2023-2023,1,1,54,-,58,1,1/58,58.00,6.44,54.0,-,-,-,-
145,JR Hazlewood,2023-2023,16,16,841,10,747,24,3/38,31.12,5.32,35.0,-,-,5,-
146,Hazrat Bilal,2023-2023,4,4,156,2,128,5,4/47,25.60,4.92,31.2,-,-,-,-
147,TM Head,2023-2023,13,7,210,-,181,4,2/21,45.25,5.17,52.5,-,-,4,-
148,R Hekure,2023-2023,13,13,480,4,386,17,5/13,22.70,4.82,28.2,1,-,5,-
149,MADI Hemantha,2023-2023,5,4,210,-,193,2,2/49,96.50,5.51,105.0,-,-,1,-
150,RR Hendricks,2023-2023,5,-,0,-,-,-,-,-,-,-,-,-,2,-
151,MJ Henry,2023-2023,17,17,869,12,767,25,3/14,30.68,5.29,34.7,-,-,9,-
152,SO Hetmyer,2023-2023,3,-,0,-,-,-,-,-,-,-,-,-,2,-
153,D Heyliger,2023-2023,2,2,78,-,45,1,1/34,45.00,3.46,78.0,-,-,-,-
154,H Hiri,2023-2023,10,-,0,-,-,-,-,-,-,-,-,-,1,-
155,KAR Hodge,2023-2023,3,3,96,-,103,2,2/46,51.50,6.43,48.0,-,-,-,-
156,JO Holder,2023-2023,7,7,359,7,323,6,3/34,53.83,5.39,59.8,-,-,4,-
157,SD Hope,2023-2023,14,-,0,-,-,-,-,-,-,-,-,-,14,2
158,AJ Hosein,2023-2023,9,9,510,4,441,13,3/59,33.92,5.18,39.2,-,-,2,-
159,GI Hume,2023-2023,9,9,384,2,367,14,4/60,26.21,5.73,27.4,-,-,2,-
160,MJ Humphreys,2023-2023,2,2,66,-,95,-,-,-,8.63,-,-,-,-,-
161,Ibrahim Zadran,2023-2023,20,-,0,-,-,-,-,-,-,-,-,-,6,-
162,Iftikhar Ahmed,2023-2023,18,13,436,-,429,8,3/50,53.62,5.90,54.5,-,-,9,-
163,Ihsanullah,2023-2023,1,1,48,-,60,-,-,-,7.50,-,-,-,-,-
164,Ikram Alikhil,2023-2023,9,-,0,-,-,-,-,-,-,-,-,-,6,1
165,Imam-ul-Haq,2023-2023,18,-,0,-,-,-,-,-,-,-,-,-,5,-
166,JP Inglis,2023-2023,16,-,0,-,-,-,-,-,-,-,-,-,16,2
167,Ishan Kishan,2023-2023,17,-,0,-,-,-,-,-,-,-,-,-,10,1
168,SS Iyer,2023-2023,19,1,6,-,2,-,-,-,2.00,-,-,-,9,-
169,WG Jacks,2023-2023,4,3,84,-,72,1,1/18,72.00,5.14,84.0,-,-,1,-
170,RA Jadeja,2023-2023,26,23,1139,6,874,31,5/33,28.19,4.60,36.7,1,-,11,-
171,KA Jamieson,2023-2023,5,4,192,3,215,3,2/32,71.66,6.71,64.0,-,-,-,-
172,M Jansen,2023-2023,20,20,931,7,989,33,5/39,29.96,6.37,28.2,1,-,6,-
173,J Jarvis,2023-2023,3,3,60,-,71,-,-,-,7.10,-,-,-,2,-
174,Jasdeep Singh,2023-2023,10,10,550,2,536,10,2/33,53.60,5.84,55.0,-,-,1,-
175,Jatinder Singh,2023-2023,9,2,30,-,26,1,1/11,26.00,5.20,30.0,-,-,-,-
176,JNT Seales,2023-2023,3,3,108,-,124,2,1/21,62.00,6.88,54.0,-,-,-,-
177,Jay Odedra,2023-2023,6,6,210,-,157,5,3/31,31.40,4.48,42.0,-,-,1,-
178,JW Jenner,2023-2023,5,-,0,-,-,-,-,-,-,-,-,-,2,-
179,A Johnson,2023-2023,5,-,0,-,-,-,-,-,-,-,-,-,4,-
180,SH Johnson,2023-2023,1,1,48,-,61,-,-,-,7.62,-,-,-,-,-
181,LM Jongwe,2023-2023,4,1,24,1,21,1,1/21,21.00,5.25,24.0,-,-,2,-
182,S Jora,2023-2023,4,-,0,-,-,-,-,-,-,-,-,-,1,-
183,AS Joseph,2023-2023,9,9,484,3,472,17,3/50,27.76,5.85,28.4,-,-,5,-
184,Junaid Siddique,2023-2023,23,22,1012,13,870,30,3/49,29.00,5.15,33.7,-,-,2,-
185,I Kaia,2023-2023,6,-,0,-,-,-,-,-,-,-,-,-,1,-
186,Kaleemullah,2023-2023,5,5,276,4,232,3,1/28,77.33,5.04,92.0,-,-,3,-
187,Kaleem Sana,2023-2023,5,5,252,5,207,7,3/14,29.57,4.92,36.0,-,-,1,-
188,SI Kamea,2023-2023,12,11,565,5,453,23,5/38,19.69,4.81,24.5,2,-,2,-
189,Kamran Ghulam,2023-2023,1,-,0,-,-,-,-,-,-,-,-,-,-,-
190,Karan KC,2023-2023,20,20,898,14,853,31,5/61,27.51,5.69,28.9,1,-,4,-
191,J Kariko,2023-2023,3,3,126,-,114,5,4/45,22.80,5.42,25.2,-,-,-,-
192,Karim Janat,2023-2023,2,2,54,-,59,-,-,-,6.55,-,-,-,-,-
193,C Karunaratne,2023-2023,8,7,299,1,305,8,4/43,38.12,6.12,37.3,-,-,3,-
194,FDM Karunaratne,2023-2023,16,-,0,-,-,-,-,-,-,-,-,-,6,-
195,BA King,2023-2023,14,-,0,-,-,-,-,-,-,-,-,-,7,-
196,VJ Kingma,2023-2023,2,2,120,-,146,3,2/80,48.66,7.30,40.0,-,-,-,-
197,NR Kirton,2023-2023,3,-,0,-,-,-,-,-,-,-,-,-,1,-
198,H Klaasen,2023-2023,21,-,0,-,-,-,-,-,-,-,-,-,17,-
199,FJ Klaassen,2023-2023,5,5,273,1,239,7,3/41,34.14,5.25,39.0,-,-,1,-
200,R Klein,2023-2023,9,9,440,5,349,10,2/31,34.90,4.75,44.0,-,-,2,-
201,V Kohli,2023-2023,27,2,21,-,15,1,1/13,15.00,4.28,21.0,-,-,12,-
202,Kuldeep Yadav,2023-2023,28,27,1243,13,953,48,5/25,19.85,4.60,25.8,1,-,6,-
203,CBRLS Kumara,2023-2023,13,13,501,4,496,21,3/22,23.61,5.94,23.8,-,-,3,-
204,Kushal Malla,2023-2023,21,17,498,3,431,11,2/6,39.18,5.19,45.2,-,-,4,-
205,M Labuschagne,2023-2023,22,1,18,-,33,-,-,-,11.00,-,-,-,14,-
206,S Lamichhane,2023-2023,21,21,1172,9,948,43,5/25,22.04,4.85,27.2,1,-,1,-
207,TWM Latham,2023-2023,27,-,0,-,-,-,-,-,-,-,-,-,25,4
208,JAD Lawrenson,2023-2023,5,-,0,-,-,-,-,-,-,-,-,-,1,-
209,MA Leask,2023-2023,11,10,386,2,310,14,4/24,22.14,4.81,27.5,-,-,6,-
210,BG Lister,2023-2023,3,3,156,-,158,4,3/69,39.50,6.07,39.0,-,-,-,-
211,JB Little,2023-2023,12,12,582,-,658,16,4/38,41.12,6.78,36.3,-,-,3,-
212,Litton Das,2023-2023,26,-,0,-,-,-,-,-,-,-,-,-,15,1
213,LS Livingstone,2023-2023,10,9,292,1,255,7,3/16,36.42,5.23,41.7,-,-,2,-
214,JN Loftie-Eaton,2023-2023,11,3,52,1,65,3,3/54,21.66,7.50,17.3,-,-,1,-
215,L Louwrens,2023-2023,6,-,0,-,-,-,-,-,-,-,-,-,1,-
216,Lovepreet Singh,2023-2023,2,-,0,-,-,-,-,-,-,-,-,-,2,-
217,T Lungameni,2023-2023,6,6,300,6,204,10,4/20,20.40,4.08,30.0,-,-,3,-
218,AR McBrine,2023-2023,15,14,612,2,541,9,2/19,60.11,5.30,68.0,-,-,7,-
219,TSS Mackintosh,2023-2023,10,-,0,-,-,-,-,-,-,-,-,-,2,-
220,C Madande,2023-2023,8,-,0,-,-,-,-,-,-,-,-,-,4,1
221,W Madhevere,2023-2023,11,7,198,-,168,4,3/36,42.00,5.09,49.5,-,-,4,-
222,D Madushanka,2023-2023,15,15,734,5,746,31,5/80,24.06,6.09,23.6,1,-,3,-
223,SSB Magala,2023-2023,5,5,234,4,248,13,5/43,19.07,6.35,18.0,1,-,-,-
224,KA Maharaj,2023-2023,15,15,781,6,556,24,4/33,23.16,4.27,32.5,-,-,5,-
225,K Mahato,2023-2023,1,1,60,-,55,2,2/55,27.50,5.50,30.0,-,-,-,-
226,Mahedi Hasan,2023-2023,8,8,390,1,331,12,4/71,27.58,5.09,32.5,-,-,2,-
227,S Mahmood,2023-2023,1,1,54,-,41,-,-,-,4.55,-,-,-,-,-
228,Mahmudullah,2023-2023,14,5,77,-,79,-,-,-,6.15,-,-,-,7,-
229,DJ Malan,2023-2023,18,-,0,-,-,-,-,-,-,-,-,-,6,-
230,G Malla,2023-2023,11,-,0,-,-,-,-,-,-,-,-,-,5,-
231,AK Markram,2023-2023,21,13,383,1,384,6,2/40,64.00,6.01,63.8,-,-,8,-
232,MR Marsh,2023-2023,20,5,78,-,96,2,2/19,48.00,7.38,39.0,-,-,4,-
233,T Marumani,2023-2023,3,-,0,-,-,-,-,-,-,-,-,-,-,-
234,WP Masakadza,2023-2023,11,9,337,-,264,6,3/36,44.00,4.70,56.1,-,-,3,-
235,AD Mathews,2023-2023,8,5,133,2,107,6,2/14,17.83,4.82,22.1,-,-,-,-
236,Matiullah Khan,2023-2023,1,1,30,-,37,1,1/37,37.00,7.40,30.0,-,-,-,-
237,B Mavuta,2023-2023,2,1,30,-,27,-,-,-,5.40,-,-,-,-,-
238,GJ Maxwell,2023-2023,11,10,483,1,377,10,4/40,37.70,4.68,48.3,-,-,6,-
239,KR Mayers,2023-2023,11,11,334,1,293,8,2/30,36.62,5.26,41.7,-,-,4,-
240,CM McBride,2023-2023,11,3,60,-,54,1,1/24,54.00,5.40,60.0,-,-,4,-
241,BJ McCarthy,2023-2023,6,6,298,3,305,9,3/56,33.88,6.14,33.1,-,-,3,-
242,CE McConchie,2023-2023,6,5,168,1,135,4,2/18,33.75,4.82,42.0,-,-,3,-
243,B McMullen,2023-2023,11,11,486,1,366,16,5/34,22.87,4.51,30.3,1,-,8,-
244,Mehidy Hasan Miraz,2023-2023,24,22,972,7,866,22,3/25,39.36,5.34,44.1,-,-,8,-
245,KP Meiyappan,2023-2023,23,23,800,5,798,27,4/45,29.55,5.98,29.6,-,-,8,-
246,BKG Mendis,2023-2023,31,-,0,-,-,-,-,-,-,-,-,-,33,2
247,EJB Miles,2023-2023,4,4,174,1,165,4,2/32,41.25,5.68,43.5,-,-,-,-
248,DA Miller,2023-2023,21,-,0,-,-,-,-,-,-,-,-,-,13,-
249,AF Milne,2023-2023,4,4,201,1,184,9,4/34,20.44,5.49,22.3,-,-,1,-
250,DJ Mitchell,2023-2023,26,9,195,1,204,9,3/32,22.66,6.27,21.6,-,-,22,-
251,SJ Modani,2023-2023,11,-,0,-,-,-,-,-,-,-,-,-,2,-
252,Mohammad Haris,2023-2023,2,-,0,-,-,-,-,-,-,-,-,-,1,-
253,Mohammad Hasnain,2023-2023,1,1,37,-,42,-,-,-,6.81,-,-,-,-,-
254,Mohammad Nabi,2023-2023,20,20,837,4,601,18,3/28,33.38,4.30,46.5,-,-,11,-
255,Mohammad Nadeem,2023-2023,9,6,178,-,174,2,2/36,87.00,5.86,89.0,-,-,-,-
256,Mohammad Naim,2023-2023,6,-,0,-,-,-,-,-,-,-,-,-,2,-
257,Mohammad Nawaz,2023-2023,15,15,684,-,612,11,4/38,55.63,5.36,62.1,-,-,6,-
258,Mohammad Rizwan,2023-2023,25,-,0,-,-,-,-,-,-,-,-,-,33,2
259,Mohammad Saleem,2023-2023,2,2,62,-,70,-,-,-,6.77,-,-,-,1,-
260,Mohammad Wasim,2023-2023,12,12,562,5,513,19,3/31,27.00,5.47,29.5,-,-,3,-
261,Mohammed Shami,2023-2023,19,19,797,12,708,43,7/57,16.46,5.32,18.5,4,-,3,-
262,Mohammed Siraj,2023-2023,25,24,1033,17,910,44,6/21,20.68,5.28,23.4,1,-,2,-
263,KV Morea,2023-2023,6,6,210,2,223,5,2/26,44.60,6.37,42.0,-,-,2,-
264,G Motie,2023-2023,3,3,160,1,100,6,3/36,16.66,3.75,26.6,-,-,-,-
265,Mrittunjoy Chowdhury,2023-2023,1,1,48,-,64,-,-,-,8.00,-,-,-,2,-
266,Muhammad Jawadullah,2023-2023,5,5,223,-,239,6,3/46,39.83,6.43,37.1,-,-,1,-
267,Muhammad Waseem,2023-2023,24,2,18,-,33,-,-,-,11.00,-,-,-,11,-
268,Mujeeb Ur Rahman,2023-2023,20,20,1079,8,907,22,3/33,41.22,5.04,49.0,-,-,2,-
269,Mukesh Kumar,2023-2023,3,3,90,2,69,4,3/30,17.25,4.60,22.5,-,-,-,-
270,SR Mukkamalla,2023-2023,9,-,0,-,-,-,-,-,-,-,-,-,1,-
271,HG Munsey,2023-2023,6,-,0,-,-,-,-,-,-,-,-,-,4,-
272,Musa Ahmed,2023-2023,5,-,0,-,-,-,-,-,-,-,-,-,2,-
273,Mushfiqur Rahim,2023-2023,26,-,0,-,-,-,-,-,-,-,-,-,22,4
274,Mustafizur Rahman,2023-2023,19,19,887,6,815,20,4/44,40.75,5.51,44.3,-,-,3,-
275,B Muzarabani,2023-2023,9,9,450,3,387,8,3/57,48.37,5.16,56.2,-,-,2,-
276,Najibullah Zadran,2023-2023,10,-,0,-,-,-,-,-,-,-,-,-,1,-
277,A Nao,2023-2023,3,3,120,-,122,1,1/75,122.00,6.10,120.0,-,-,1,-
278,Naseem Khushi,2023-2023,5,-,0,-,-,-,-,-,-,-,-,-,4,1
279,Naseem Shah,2023-2023,11,11,539,3,432,22,5/57,19.63,4.80,24.5,1,-,1,-
280,Nasum Ahmed,2023-2023,11,10,501,4,422,7,3/43,60.28,5.05,71.5,-,-,3,-
281,Naveen-ul-Haq,2023-2023,8,8,322,1,352,8,2/47,44.00,6.55,40.2,-,-,2,-
282,LR Naylor,2023-2023,1,-,0,-,-,-,-,-,-,-,-,-,-,-
283,Najmul Hossain Shanto,2023-2023,24,4,44,-,41,1,1/10,41.00,5.59,44.0,-,-,8,-
284,JDS Neesham,2023-2023,5,5,153,-,236,2,1/32,118.00,9.25,76.5,-,-,1,-
285,A Neill,2023-2023,1,1,42,1,46,1,1/46,46.00,6.57,42.0,-,-,-,-
286,MG Neser,2023-2023,2,2,120,1,119,1,1/59,119.00,5.95,120.0,-,-,1,-
287,SN Netravalkar,2023-2023,10,10,540,13,329,10,3/53,32.90,3.65,54.0,-,-,2,-
288,R Ngarava,2023-2023,12,11,552,8,428,19,4/43,22.52,4.65,29.0,-,-,2,-
289,L Ngidi,2023-2023,16,16,747,7,753,22,4/51,34.22,6.04,33.9,-,-,6,-
290,HM Nicholls,2023-2023,14,-,0,-,-,-,-,-,-,-,-,-,4,-
291,AT Nidamanuru,2023-2023,19,-,0,-,-,-,-,-,-,-,-,-,7,-
292,P Nissanka,2023-2023,29,-,0,-,-,-,-,-,-,-,-,-,8,-
293,Noor Ahmad,2023-2023,6,6,330,1,306,7,3/49,43.71,5.56,47.1,-,-,1,-
294,A Nortje,2023-2023,5,5,222,1,234,8,4/62,29.25,6.32,27.7,-,-,-,-
295,Nurul Hasan,2023-2023,1,-,0,-,-,-,-,-,-,-,-,-,2,1
296,VM Nyauchi,2023-2023,2,2,90,-,93,2,2/65,46.50,6.20,45.0,-,-,-,-
297,MP O'Dowd,2023-2023,22,-,0,-,-,-,-,-,-,-,-,-,1,-
298,HH Pandya,2023-2023,20,19,567,7,522,21,3/3,24.85,5.52,27.0,-,-,7,-
299,AA Paradkar,2023-2023,2,2,72,-,106,4,3/78,26.50,8.83,18.0,-,-,-,-
300,Pargat Singh,2023-2023,5,3,84,-,61,2,1/20,30.50,4.35,42.0,-,-,1,-
301,WD Parnell,2023-2023,4,4,194,2,179,2,1/30,89.50,5.53,97.0,-,-,1,-
302,AR Patel,2023-2023,8,7,252,1,236,4,2/57,59.00,5.61,63.0,-,-,6,-
303,MD Patel,2023-2023,9,-,0,-,-,-,-,-,-,-,-,-,8,1
304,NK Patel,2023-2023,10,10,470,2,366,13,3/29,28.15,4.67,36.1,-,-,3,-
305,M Pathirana,2023-2023,12,12,508,2,616,17,4/32,36.23,7.27,29.8,-,-,2,-
306,RK Paudel,2023-2023,22,4,109,-,70,-,-,-,3.85,-,-,-,5,-
307,KMA Paul,2023-2023,7,7,277,1,261,9,3/34,29.00,5.65,30.7,-,-,4,-
308,CW Perchard,2023-2023,5,5,270,3,208,9,3/38,23.11,4.62,30.0,-,-,-,-
309,MDKJ Perera,2023-2023,9,-,0,-,-,-,-,-,-,-,-,-,3,-
310,AL Phehlukwayo,2023-2023,3,3,120,-,130,3,1/36,43.33,6.50,40.0,-,-,1,-
311,K Phillip,2023-2023,2,2,99,1,105,3,3/56,35.00,6.36,33.0,-,-,-,-
312,GD Phillips,2023-2023,21,16,390,1,388,9,3/37,43.11,5.96,43.3,-,-,10,-
313,N Pooran,2023-2023,9,-,0,-,-,-,-,-,-,-,-,-,2,-
314,MJ Potts,2023-2023,2,1,42,-,47,2,2/47,23.50,6.71,21.0,-,-,-,-
315,R Powell,2023-2023,6,-,0,-,-,-,-,-,-,-,-,-,2,-
316,KH Prajapati,2023-2023,9,-,0,-,-,-,-,-,-,-,-,-,8,-
317,Pramod Madushan,2023-2023,2,2,54,1,79,2,2/58,39.50,8.77,27.0,-,-,1,-
318,M Prasidh Krishna,2023-2023,3,3,120,-,144,4,2/56,36.00,7.20,30.0,-,-,1,-
319,Pratis GC,2023-2023,3,3,126,-,90,2,1/37,45.00,4.28,63.0,-,-,1,-
320,K Rabada,2023-2023,14,14,700,10,611,22,3/33,27.77,5.23,31.8,-,-,8,-
321,Rahmanullah Gurbaz,2023-2023,20,-,0,-,-,-,-,-,-,-,-,-,12,-
322,Rahmat Shah,2023-2023,18,2,13,-,18,1,1/6,18.00,8.30,13.0,-,-,6,-
323,KL Rahul,2023-2023,24,-,0,-,-,-,-,-,-,-,-,-,30,3
324,LN Rajbanshi,2023-2023,12,12,570,7,347,18,5/20,19.27,3.65,31.6,1,-,5,-
325,CAK Rajitha,2023-2023,21,21,957,3,974,26,4/50,37.46,6.10,36.8,-,-,4,-
326,Rameez Shahzad,2023-2023,11,1,18,-,17,-,-,-,5.66,-,-,-,-,-
327,AU Rashid,2023-2023,16,16,850,1,791,30,4/45,26.36,5.58,28.3,-,-,4,-
328,Rashid Khan,2023-2023,17,17,951,4,724,20,3/37,36.20,4.56,47.5,-,-,6,-
329,Ravinderpal Singh,2023-2023,5,-,0,-,-,-,-,-,-,-,-,-,4,-
330,R Ravindra,2023-2023,22,18,793,1,800,17,4/60,47.05,6.05,46.6,-,-,6,-
331,RA Reifer,2023-2023,1,1,18,-,16,1,1/16,16.00,5.33,18.0,-,-,-,-
332,Riaz Hassan,2023-2023,2,-,0,-,-,-,-,-,-,-,-,-,3,-
333,RD Rickelton,2023-2023,2,-,0,-,-,-,-,-,-,-,-,-,2,2
334,CP Rizwan,2023-2023,9,-,0,-,-,-,-,-,-,-,-,-,2,-
335,Rohan Mustafa,2023-2023,24,24,1064,11,779,25,3/31,31.16,4.39,42.5,-,-,10,-
336,Rony Talukdar,2023-2023,1,-,0,-,-,-,-,-,-,-,-,-,1,-
337,JE Root,2023-2023,13,3,85,-,92,1,1/19,92.00,6.49,85.0,-,-,7,-
338,JJ Roy,2023-2023,6,-,0,-,-,-,-,-,-,-,-,-,4,-
339,Saad Bin Zafar,2023-2023,5,5,270,-,215,8,3/43,26.87,4.77,33.7,-,-,1,-
340,Sabir Ali,2023-2023,2,2,18,-,18,1,1/10,18.00,6.00,18.0,-,-,-,-
341,PD Salt,2023-2023,5,-,0,-,-,-,-,-,-,-,-,-,1,-
342,S Samarawickrama,2023-2023,25,-,0,-,-,-,-,-,-,-,-,-,5,-
343,SV Samson,2023-2023,2,-,0,-,-,-,-,-,-,-,-,-,-,-
344,Sandeep Goud,2023-2023,4,-,0,-,-,-,-,-,-,-,-,-,1,-
345,T Sangha,2023-2023,2,2,108,-,125,2,1/61,62.50,6.94,54.0,-,-,-,-
346,MJ Santner,2023-2023,17,17,923,4,770,20,5/59,38.50,5.00,46.1,1,-,8,-
347,Saqib Zulfiqar,2023-2023,8,8,234,1,249,7,2/43,35.57,6.38,33.4,-,-,4,-
348,A Saud,2023-2023,2,-,0,-,-,-,-,-,-,-,-,-,3,-
349,Saud Shakeel,2023-2023,10,-,0,-,-,-,-,-,-,-,-,-,3,-
350,BM Scholtz,2023-2023,11,11,594,11,366,12,3/67,30.50,3.69,49.5,-,-,-,-
351,GLS Scrimshaw,2023-2023,1,1,52,-,66,3,3/66,22.00,7.61,17.3,-,-,-,-
352,Shadab Khan,2023-2023,17,16,778,3,745,15,4/27,49.66,5.74,51.8,-,-,6,-
353,AA Shafique,2023-2023,2,-,0,-,-,-,-,-,-,-,-,-,2,2
354,Shaheen Shah Afridi,2023-2023,21,21,1084,9,1010,42,5/54,24.04,5.59,25.8,1,-,5,-
355,Shahidullah,2023-2023,2,-,0,-,-,-,-,-,-,-,-,-,1,-
356,Shamim Hossain,2023-2023,4,2,12,-,18,-,-,-,9.00,-,-,-,1,-
357,T Shamsi,2023-2023,11,11,554,1,543,22,4/60,24.68,5.88,25.1,-,-,1,-
358,MD Shanaka,2023-2023,24,21,510,3,459,13,3/28,35.30,5.40,39.2,-,-,9,-
359,Shan Masood,2023-2023,4,-,0,-,-,-,-,-,-,-,-,-,1,-
360,Shakib Al Hasan,2023-2023,23,20,1044,7,816,23,4/35,35.47,4.68,45.3,-,-,6,-
361,A Sharafu,2023-2023,4,-,0,-,-,-,-,-,-,-,-,-,1,-
362,SM Sharif,2023-2023,9,9,395,4,320,10,4/20,32.00,4.86,39.5,-,-,2,-
363,Shariz Ahmad,2023-2023,10,9,316,2,348,11,5/43,31.63,6.60,28.7,1,-,3,-
364,B Sharki,2023-2023,15,-,0,-,-,-,-,-,-,-,-,-,3,-
365,A Sharma,2023-2023,7,-,0,-,-,-,-,-,-,-,-,-,9,-
366,RG Sharma,2023-2023,27,1,5,-,7,1,1/7,7.00,8.40,5.0,-,-,9,-
367,SM Sharma,2023-2023,8,8,288,3,274,10,3/37,27.40,5.70,28.8,-,-,4,-
368,Shayan Jahangir,2023-2023,8,-,0,-,-,-,-,-,-,-,-,-,9,-
369,R Shepherd,2023-2023,7,7,281,2,264,9,3/37,29.33,5.63,31.2,-,-,-,-
370,B Shikongo,2023-2023,10,10,402,4,420,13,3/42,32.30,6.26,30.9,-,-,1,-
371,HB Shipley,2023-2023,8,8,387,4,359,15,5/31,23.93,5.56,25.8,1,-,2,-
372,Shoaib Khan,2023-2023,8,-,0,-,-,-,-,-,-,-,-,-,2,-
373,Shoriful Islam,2023-2023,16,16,736,7,697,26,4/21,26.80,5.68,28.3,-,-,1,-
374,MW Short,2023-2023,2,2,60,-,54,-,-,-,5.40,-,-,-,1,-
375,Shubman Gill,2023-2023,29,1,12,-,11,-,-,-,5.50,-,-,-,24,-
376,Sikandar Raza,2023-2023,13,12,582,-,487,15,4/55,32.46,5.02,38.8,-,-,3,-
377,K Sinclair,2023-2023,4,4,211,-,159,6,4/24,26.50,4.52,35.1,-,-,4,-
378,G Singh,2023-2023,11,4,101,1,90,5,4/15,18.00,5.34,20.2,-,-,6,-
379,JL Smith,2023-2023,2,-,0,-,-,-,-,-,-,-,-,-,1,-
380,OF Smith,2023-2023,4,4,138,-,139,4,2/40,34.75,6.04,34.5,-,-,-,-
381,SPD Smith,2023-2023,16,-,0,-,-,-,-,-,-,-,-,-,6,-
382,IS Sodhi,2023-2023,13,11,576,2,550,13,6/39,42.30,5.72,44.3,1,-,1,-
383,CB Sole,2023-2023,8,8,413,5,347,14,3/33,24.78,5.04,29.5,-,-,4,-
384,Sompal Kami,2023-2023,17,17,729,17,648,15,3/26,43.20,5.33,48.6,-,-,3,-
385,CA Soper,2023-2023,13,13,566,8,454,15,5/25,30.26,4.81,37.7,1,-,2,-
386,Soumya Sarkar,2023-2023,2,1,12,-,13,-,-,-,6.50,-,-,-,1,-
387,TG Southee,2023-2023,10,10,469,1,565,17,3/56,33.23,7.22,27.5,-,-,1,-
388,M Spoors,2023-2023,5,-,0,-,-,-,-,-,-,-,-,-,1,-
389,MA Starc,2023-2023,14,14,731,3,750,25,5/53,30.00,6.15,29.2,1,-,7,-
390,BDH Stevens,2023-2023,1,1,18,-,28,-,-,-,9.33,-,-,-,-,-
391,PR Stirling,2023-2023,17,-,0,-,-,-,-,-,-,-,-,-,7,-
392,MP Stoinis,2023-2023,13,12,397,2,412,11,2/20,37.45,6.22,36.0,-,-,4,-
393,BA Stokes,2023-2023,9,-,0,-,-,-,-,-,-,-,-,-,6,-
394,OP Stone,2023-2023,2,2,102,1,85,3,2/48,28.33,5.00,34.0,-,-,-,-
395,T Stubbs,2023-2023,1,-,0,-,-,-,-,-,-,-,-,-,-,-
396,JTS Sumerauer,2023-2023,5,5,294,5,245,11,4/51,22.27,5.00,26.7,-,-,1,-
397,Suraj Kumar,2023-2023,2,-,0,-,-,-,-,-,-,-,-,-,2,-
398,Khaled Ahmed,2023-2023,2,2,80,1,72,3,3/60,24.00,5.40,26.6,-,-,-,-
399,Taijul Islam,2023-2023,6,6,288,-,261,10,3/54,26.10,5.43,28.8,-,-,2,-
400,Tamim Iqbal,2023-2023,12,-,0,-,-,-,-,-,-,-,-,-,3,-
401,Tanzid Hasan,2023-2023,14,-,0,-,-,-,-,-,-,-,-,-,4,-
402,Tanzim Hasan Sakib,2023-2023,3,3,141,1,137,5,3/80,27.40,5.82,28.2,-,-,-,-
403,Taskin Ahmed,2023-2023,18,17,825,10,659,26,4/44,25.34,4.79,31.7,-,-,2,-
404,SR Taylor,2023-2023,8,5,192,1,195,4,3/53,48.75,6.09,48.0,-,-,1,-
405,HT Tector,2023-2023,17,5,132,-,143,1,1/20,143.00,6.50,132.0,-,-,9,-
406,H Thaker,2023-2023,5,5,258,3,144,6,2/27,24.00,3.34,43.0,-,-,2,-
407,SN Thakur,2023-2023,16,15,527,2,552,21,4/37,26.28,6.28,25.0,-,-,2,-
408,M Theekshana,2023-2023,23,23,1149,6,923,37,4/25,24.94,4.81,31.0,-,-,3,-
409,BM Tickner,2023-2023,7,7,317,2,345,7,3/76,49.28,6.52,45.2,-,-,1,-
410,NT Tilak Varma,2023-2023,1,1,24,-,21,-,-,-,5.25,-,-,-,1,-
411,G Toka,2023-2023,6,-,0,-,-,-,-,-,-,-,-,-,1,-
412,RJW Topley,2023-2023,9,9,424,3,432,13,4/43,33.23,6.11,32.6,-,-,3,-
413,Towhid Hridoy,2023-2023,24,-,0,-,-,-,-,-,-,-,-,-,6,-
414,AM Tribe,2023-2023,5,3,24,-,30,-,-,-,7.50,-,-,-,2,-
415,R Trumpelmann,2023-2023,11,11,594,6,442,24,5/30,18.41,4.46,24.7,1,-,3,-
416,LJ Tucker,2023-2023,17,-,0,-,-,-,-,-,-,-,-,-,20,2
417,Umran Malik,2023-2023,5,5,168,-,201,6,3/57,33.50,7.17,28.0,-,-,1,-
418,JD Unadkat,2023-2023,1,1,30,-,16,1,1/16,16.00,3.20,30.0,-,-,1,-
419,TP Ura,2023-2023,10,-,0,-,-,-,-,-,-,-,-,-,5,-
420,Usama Mir,2023-2023,12,12,636,-,634,15,4/43,42.26,5.98,42.4,-,-,7,-
421,Usman Rafiq,2023-2023,2,2,32,-,47,-,-,-,8.81,-,-,-,-,-
422,A Vala,2023-2023,13,12,498,5,349,12,3/21,29.08,4.20,41.5,-,-,8,-
423,AC Valthapa,2023-2023,3,-,0,-,-,-,-,-,-,-,-,-,3,1
424,LV van Beek,2023-2023,16,16,859,7,838,24,4/24,34.91,5.85,35.7,-,-,7,-
425,HE van der Dussen,2023-2023,21,-,0,-,-,-,-,-,-,-,-,-,10,-
426,RE van der Merwe,2023-2023,8,8,336,-,311,6,2/34,51.83,5.55,56.0,-,-,2,-
427,JDF Vandersay,2023-2023,1,1,42,-,59,-,-,-,8.42,-,-,-,-,-
428,M van Lingen,2023-2023,10,2,12,-,20,-,-,-,10.00,-,-,-,5,-
429,PA van Meekeren,2023-2023,14,14,692,3,710,18,4/23,39.44,6.15,38.4,-,-,5,-
430,N Vanua,2023-2023,11,10,366,3,316,4,1/14,79.00,5.18,91.5,-,-,2,-
431,TF van Woerkom,2023-2023,1,1,24,-,47,1,1/47,47.00,11.75,24.0,-,-,1,-
432,HGV Vare,2023-2023,6,-,0,-,-,-,-,-,-,-,-,-,7,-
433,Vikramjit Singh,2023-2023,19,12,216,1,221,7,2/12,31.57,6.13,30.8,-,-,5,-
434,JM Vince,2023-2023,3,-,0,-,-,-,-,-,-,-,-,-,2,-
435,B Ward,2023-2023,5,5,241,2,221,6,4/39,36.83,5.50,40.1,-,-,3,-
436,DA Warner,2023-2023,20,-,0,-,-,-,-,-,-,-,-,-,10,-
437,Washington Sundar,2023-2023,6,4,156,1,154,2,2/7,77.00,5.92,78.0,-,-,1,-
438,MRJ Watt,2023-2023,11,11,604,7,441,23,4/41,19.17,4.38,26.2,-,-,4,-
439,DN Wellalage,2023-2023,12,11,488,2,452,12,5/40,37.66,5.55,40.6,1,-,3,-
440,B White,2023-2023,2,2,108,-,118,1,1/59,118.00,6.55,108.0,-,-,-,-
441,SA Wijeyeratne,2023-2023,5,-,0,-,-,-,-,-,-,-,-,-,8,2
442,DJ Willey,2023-2023,10,10,449,7,391,16,3/34,24.43,5.22,28.0,-,-,2,-
443,LB Williams,2023-2023,1,1,52,1,56,2,2/56,28.00,6.46,26.0,-,-,-,-
444,SC Williams,2023-2023,9,7,252,2,208,6,3/41,34.66,4.95,42.0,-,-,4,-
445,KS Williamson,2023-2023,7,-,0,-,-,-,-,-,-,-,-,-,3,-
446,CR Woakes,2023-2023,14,14,601,3,522,16,4/54,32.62,5.21,37.5,-,-,3,-
447,L Wood,2023-2023,1,-,0,-,-,-,-,-,-,-,-,-,-,-
448,MA Wood,2023-2023,9,9,396,1,397,8,2/34,49.62,6.01,49.5,-,-,2,-
449,SA Yadav,2023-2023,21,1,12,-,17,-,-,-,8.50,-,-,-,7,-
450,HN Ya France,2023-2023,11,10,391,3,312,6,2/27,52.00,4.78,65.1,-,-,4,-
451,Yasir Ali,2023-2023,2,-,0,-,-,-,-,-,-,-,-,-,1,-
452,CA Young,2023-2023,5,5,228,1,193,11,3/31,17.54,5.07,20.7,-,-,3,-
453,WA Young,2023-2023,20,-,0,-,-,-,-,-,-,-,-,-,6,-
454,Zahoor Khan,2023-2023,22,22,993,9,828,29,3/19,28.55,5.00,34.2,-,-,5,-
455,Zakir Hasan,2023-2023,1,-,0,-,-,-,-,-,-,-,-,-,-,-
456,Zaman Khan,2023-2023,1,1,36,1,39,-,-,-,6.50,-,-,-,-,-
457,A Zampa,2023-2023,20,20,1038,4,1000,38,4/8,26.31,5.78,27.3,-,-,2,-
458,Zawar Farid,2023-2023,3,3,78,-,97,3,2/9,32.33,7.46,26.0,-,-,1,-
459,Zeeshan Maqsood,2023-2023,7,7,366,1,317,7,4/32,45.28,5.19,52.2,-,-,3,-
460,Zia-ur-Rehman,2023-2023,1,1,21,-,22,-,-,-,6.28,-,-,-,-,-
